batch,asset_id,predicted_anchor_pp,disagreement_anchor_pp
3,commodity_35be58ef-7f43-54c9-a726-3c869a214507,0.3571428571428606,6.647847587830247
3,commodity_5d2f8d54-096c-5b83-9b66-d23b0bc56ed6,-2.3571428571428563,5.131932841910304
3,commodity_7ea082a2-41ea-5733-9761-0157cf429e73,-6.785714285714285,7.160692019915508
3,commodity_adba51c0-cb27-5e9c-9eb8-e1439f97a611,-5.499999999999999,4.166190448976482
3,commodity_cf82679d-9e97-5e15-8ece-d56e52101f06,-7.785714285714284,5.12596431943119
3,crypto_2d8162a4-e9a6-5222-8b4f-1d7c0e7e2ec7,1.9285714285714255,9.792229322378065
3,crypto_34b4b2bc-b87f-599d-9da7-9481701f3195,1.3571428571428574,8.326868240453763
3,crypto_58845559-7ee4-5f2b-a67e-d8b9bf506485,7.5000000000000036,3.4434202266268388
3,crypto_5f84e890-c8ae-58db-aecb-2430a8d8c6c4,-7.857142857142855,8.025469660107511
3,crypto_8f824f2d-c67f-55e7-8124-aa113059635d,-1.6428571428571406,7.410004268912816
3,crypto_92c1b64e-7e9b-5096-b017-1c169d9493f5,-3.071428571428572,8.10832275869576
3,crypto_9638a395-fafb-59e1-b218-57b9190d49cc,-8.285714285714285,4.324821572348744
3,crypto_a34bddab-6dac-558c-beff-c31f36d29a1e,-5.571428571428569,6.085278321071106
3,crypto_a9b10098-59c9-53b1-9f07-07f541ac340d,-4.357142857142855,7.194811055368234
3,crypto_afb25ca6-7aa1-5e99-9255-66dfd353d3a1,-8.071428571428571,16.988291285951234
3,crypto_b43c276e-3732-5b6a-bca6-0a1334805833,-6.857142857142857,9.417742699342577
3,crypto_c3f57103-e653-5c16-a919-d37c3a9a877d,-5.499999999999998,4.891683905218268
3,crypto_cf03c817-33e8-5833-9ec5-c49d96f01e6d,-6.000000000000001,8.843884085303568
3,crypto_d714183b-e023-5e80-854f-28ade5b29cc4,2.642857142857143,13.380994746586042
3,equity_013d2cbc-1a8a-5434-a2ad-8d6d943eb036,0.2857142857142859,3.3365630611790493
3,equity_0172839b-35e4-5ffa-8e68-078f79726ed3,-10.357142857142856,3.1477235052186736
3,equity_0303151a-ce6c-5dec-9dcc-07fc57c0714d,-0.8571428571428579,2.6283384989963023
3,equity_04a23db8-2e99-574a-9503-5df65650e440,-0.21428571428571294,4.883332752896348
3,equity_07594782-05db-5559-81f8-4d51d3d3c392,-1.2857142857142845,4.069548438069748
3,equity_077b74a3-3e50-58c2-aacb-4da6ea222da6,0.2857142857142875,5.202040416009465
3,equity_09092397-d4bf-5083-ae6f-323e3c4e3493,0.6428571428571435,4.059506353823667
3,equity_0a557cc4-0ccd-5e41-9b75-24b09b77f67e,1.9285714285714282,7.33596118655301
3,equity_0d6f9a02-6c61-558c-91a7-934fd208266f,0.5000000000000004,2.841025971621623
3,equity_0dfa88b2-ae9e-57d7-b899-3c806c590a67,-7.214285714285717,3.4831958114961727
3,equity_0e372eea-b090-547a-88a2-4a7f958db812,0.21428571428571447,3.271709283028228
3,equity_0e4d472e-2931-5e69-b6cf-014d397216b0,-0.6428571428571404,4.3647474621291975
3,equity_0eb93e16-78cb-5cc6-b3e1-cc34fe1ec52e,-1.214285714285713,4.4869425070112605
3,equity_0f68a4f7-29d0-5c9a-9d20-41cc8186cddd,-6.07142857142857,5.199097252879385
3,equity_105d190f-f458-59ac-bc32-508bcc63ac10,0.142857142857143,2.1165046271470094
3,equity_11870bd0-eb6e-503f-8036-31e3653b3c09,-6.785714285714285,5.208901329572725
3,equity_118d9bb6-18a6-57b5-bf42-8cf50aa0f133,-7.571428571428571,7.188426071662359
3,equity_13790285-b3e0-5b8c-bf39-67b451154ef2,-4.571428571428571,4.229391812310702
3,equity_158a90f9-fcd7-5b16-b706-bd529139322e,-0.9285714285714264,6.646312465401782
3,equity_1682f682-f022-5a4e-84b3-78bee1ee6e81,-2.285714285714288,2.6572964625340414
3,equity_1720b66a-42d6-5a8b-b25c-7de04a1dc20f,-0.9285714285714294,3.189587651680875
3,equity_17b2425d-f3ab-5bfe-809e-eafb5bdb1610,-2.8571428571428568,5.09000621466282
3,equity_1a8294a9-a56c-53d9-934a-9cea6d9fcd3f,-10.357142857142858,3.30275086334197
3,equity_1ad229e8-98fd-538e-a91c-a7476979cda2,-4.428571428571428,4.843468145189911
3,equity_1c813d87-88dc-564d-9504-8547b80a1cc2,2.1428571428571446,4.453844933748545
3,equity_1d450e7c-5a19-5ef8-b105-97706fe0692c,1.214285714285717,8.123410362548935
3,equity_1e28fe98-b931-5889-9c29-a68fa35e0d77,-0.7857142857142849,4.069548438069748
3,equity_1f7d6c01-9f20-5a04-be70-9f4a9bfe3abc,-9.714285714285712,2.3733211036908806
3,equity_1fefba64-281d-54b9-b11d-cf38a85ebdec,-0.14285714285713993,5.636071869879676
3,equity_2370d3c3-6171-585d-9e31-237c8eb4f476,-0.6428571428571411,6.690688015626571
3,equity_238acad3-0ea8-5977-8ee3-376e689d95e2,-9.571428571428571,2.969229955832361
3,equity_24b377f3-f43f-576b-9216-ff7e3e56e9eb,-2.857142857142856,4.874967294500445
3,equity_252124ac-772e-5038-8333-fccb619e00af,-2.2857142857142865,4.643406560898576
3,equity_26732afa-a2d8-548b-a63d-002ff608d253,-4.357142857142858,2.601020208004732
3,equity_27870ecf-e086-54d7-8222-d855946db377,-0.1428571428571407,6.266203485560376
3,equity_278e7a41-fd2f-5ab1-9536-f91c9f1c1b68,-2.214285714285715,5.263466693411586
3,equity_29935658-88be-5858-aea7-62dfedfde05b,0.6428571428571435,3.3135467156409177
3,equity_2d00bda5-696b-550e-b8f9-9a217be569ce,-5.285714285714284,9.141182882417132
3,equity_2d93e113-d967-5620-9994-fd0f1f510899,-0.6428571428571435,2.5172871695294443
3,equity_2e754c83-3225-55c0-b13b-e386f99a8135,-1.6428571428571435,3.934411243977263
3,equity_2f5dad67-44e3-5eca-a657-a418be6394cd,-7.071428571428571,4.1784188006313325
3,equity_2faa504c-f498-5d12-89e6-4da3e57868c5,5.142857142857148,4.763809143009452
3,equity_2fbd92da-2845-5333-9fa3-59e5c42f9019,2.571428571428574,2.1285234893930505
3,equity_3094f431-2130-5c31-bfbe-26404e229a12,1.0714285714285738,7.242871231319073
3,equity_31110c28-e4e5-5826-8b96-51ca7f86d439,-1.214285714285717,4.502833574992712
3,equity_33682f19-0654-5b05-bc70-c313647fbfd2,-11.857142857142858,2.2314999074019024
3,equity_347a1ada-c576-5fdd-b126-9ab8d8857834,1.5000000000000013,2.0177781274036497
3,equity_3654a634-bc57-538d-b464-792908e1125d,-4.071428571428572,3.67839805416678
3,equity_3719e395-c0b4-56df-914f-0277e5b495d9,2.7142857142857184,4.494895063586364
3,equity_392c79d4-9e22-5570-9f74-28022eb5b200,-3.8571428571428585,8.621875358289376
3,equity_396caf80-29d7-5d17-adb8-e2e1e368773e,-8.428571428571429,5.5512454936358395
3,equity_3ae93f3c-eda4-5ec9-bf36-83f6dd6f0e24,-1.5714285714285727,3.0050977097089495
3,equity_3dd6659c-1a88-5d87-86cc-4f05136f1d65,-4.214285714285716,2.9502680611519114
3,equity_3e5cf1f0-b8fc-5e35-9ed0-b05a9be0c731,8.071428571428577,6.038144058688016
3,equity_3f8ad8b5-f4b0-5cb9-9c03-b91a45b1c70a,0.9285714285714294,3.052265802745931
3,equity_45c5c123-a0cb-5243-9c30-8e721b60478c,-9.785714285714285,2.9014422873699863
3,equity_45e92af8-55ef-5e9b-ac6d-cc387d5a8b26,1.7857142857142874,2.876718652228898
3,equity_4797df45-e72a-5d2e-b96c-ace95eff18b2,0.999999999999997,10.361329203202782
3,equity_48d8175f-6b57-55d9-8d1a-c429f551883a,0.07142857142857302,4.161289046751289
3,equity_49812ec8-b303-53bb-91a7-8f6d041625cd,0.9285714285714308,5.544808198592959
3,equity_4a899291-122f-5088-bcc0-62adff9287ab,-0.21428571428571225,8.158506265842783
3,equity_4c034635-ef4d-5d65-9ccf-4a417b2d9972,-2.0714285714285703,4.724015932510415
3,equity_4d04858e-8f04-5ed9-986c-2ea3c1c11fff,-6.785714285714285,5.74367442656418
3,equity_4fc4c899-ab92-5b30-8b40-9783260057d1,-2.9285714285714297,3.599886619529759
3,equity_530f1635-0f96-5265-beb4-8ad722d211c7,-6.142857142857144,2.837432009434457
3,equity_54c895f1-30a1-50d1-b87b-88a23f0db939,-4.357142857142858,2.8374320094344565
3,equity_56b28eb6-34ca-56e9-a0de-0798b00e74da,1.7857142857142874,3.2277495793414324
3,equity_5754fb9e-f00d-5188-8502-5742733222fa,-15.357142857142858,2.3101373755423174
3,equity_596252ea-ae6c-57cc-8f1c-ff4f1e87d89c,-3.785714285714287,5.3174721629813595
3,equity_5a67b993-0334-5475-9ec9-9ababb266b02,2.7857142857142883,0.7491491772643947
3,equity_5cec2cca-7032-522f-9f48-486b9df96e29,-4.714285714285714,3.7019024342428395
3,equity_5d41cba5-6315-5c45-b43e-e3682682532e,-0.8571428571428579,4.588139100786211
3,equity_5fd62c5f-2c8d-560d-9856-1153a496f443,-9.857142857142858,5.026460595931194
3,equity_605870fb-31f5-56e1-bb3f-ff917ad68710,-2.0000000000000004,3.515272799818367
3,equity_61d2639f-a079-5015-93eb-1cbc9a373648,1.357142857142859,4.57254450665121
3,equity_622c47d4-3114-5935-a088-084754615cf3,4.642857142857141,7.332482943890763
3,equity_628f5fe4-f60d-5d5d-bd82-f21429c69b5c,3.500000000000003,0.46291004988627615
3,equity_6314f72c-8248-561a-a27a-1b44bda37fde,2.4285714285714324,4.960044436930636
3,equity_643edad1-fae0-593d-a41f-8ffef450e11f,1.142857142857144,3.1249489791753398
3,equity_6450e9e7-4c57-5c72-97d1-057751df8e53,1.8571428571428588,2.911973872948504
3,equity_67e7b9a6-48a8-5dd1-bbc5-db5727f74fd4,-8.642857142857142,10.059516765283526
3,equity_68ddf211-c21a-5b50-a434-fd6a8ae20a11,-3.999999999999999,5.264435935053795
3,equity_6aa5515c-952b-5a96-8aa8-824095495923,-6.999999999999996,7.387247699341655
3,equity_6b07e976-9dd0-531d-90f9-5bbbaabf1c96,-3.214285714285714,7.577490834500483
3,equity_6c8e136c-6574-5381-abca-d8c525ace9fb,-1.42857142857143,1.5681784571500121
3,equity_6e733fe0-2e3e-594f-a4c1-609f6a481299,-6.928571428571427,5.608848694114453
3,equity_6ea61a87-9d2f-5892-8152-c802de2f6d23,4.285714285714289,4.060762972443403
3,equity_6f455cc1-fa98-5ef5-8e6e-dbabed0ea6a1,-7.999999999999997,8.04895734152656
3,equity_6f6d0be0-524d-52a8-bb11-f60b25a783a8,-3.142857142857144,3.1815796359028696
3,equity_73187115-a770-5035-8203-59b70077611f,0.2857142857142875,4.069548438069748
3,equity_739cdc9f-d524-52db-ad09-5d7c5f3b8334,-4.142857142857142,4.5175395145262565
3,equity_73c23c4e-25e5-561a-9886-64d92976357e,1.3571428571428583,3.552808604413114
3,equity_73fd14fb-d2e2-59fd-a5e4-45499d17e077,0.7857142857142864,2.050385727772477
3,equity_75138a92-ae17-5eef-aa64-afc8372299bb,-0.21428571428571294,5.160683390910985
3,equity_75ae4da5-3238-5400-93cc-d8f0bb660019,-2.1428571428571423,5.047731355444216
3,equity_7672b425-c92b-5d8a-81ab-c60724a958d0,-0.5714285714285704,4.77664385637157
3,equity_778b2c1d-426a-5fff-9eda-198e013bd945,-5.285714285714286,3.4626284695830916
3,equity_77a8f069-8c05-523b-aa70-b39a8942b1c1,-4.42857142857143,3.0755785916587106
3,equity_789b8a92-7cca-5c0b-bf76-5192d283804a,-2.9285714285714297,3.9136078662293508
3,equity_7976a2f1-8279-537d-85d6-05e2d4f65ebf,-3.6428571428571397,9.237788409239387
3,equity_7a450250-b41b-5c37-992e-3abb7b5c8b66,-1.928571428571428,4.858193163751988
3,equity_7ac51593-a969-54db-9992-83d7c56094d8,-10.57142857142857,2.242902638301085
3,equity_7b5c3d6c-cf15-5fe4-99d4-cd6ecb8c53f2,-2.071428571428571,3.549935325654051
3,equity_7c3deb24-9789-551f-b5eb-e932aeabaf83,-6.571428571428572,3.9499418750567115
3,equity_7d4bc152-96eb-5872-be67-303e3002a0fa,0.6428571428571435,3.113499245386198
3,equity_7e48cabb-84f7-5887-a4f5-4bf0071d6671,-2.857142857142858,5.786155186022469
3,equity_7e794ba4-ddfc-5658-bb39-22c0050f665f,-1.5714285714285712,3.9136078662293508
3,equity_7e8a395b-3e8d-5baf-90d4-19f11971fe98,-4.21428571428571,11.057825744877775
3,equity_7ef22304-346b-5d5b-abea-92d0948ebc01,-0.42857142857142894,2.704870889823072
3,equity_7f48b162-c593-5c99-9fef-da5149a75292,-0.7142857142857142,4.526565576501392
3,equity_7fd7261d-ec71-54a2-b468-3a3e693e788e,-0.6428571428571435,3.592793239988372
3,equity_7feda97e-a991-555f-ad42-7f3dce5dbc6d,-2.142857142857141,5.865847190756518
3,equity_824befe3-bb5e-5471-bf51-57eae9d98338,-0.7142857142857142,2.9137254363387357
3,equity_82bc9fbc-ce8f-59b9-b3a7-a7d44160648e,-3.3571428571428603,1.641303613296581
3,equity_83afc793-0f34-5ad0-a25c-b442882abd4d,0.9285714285714293,5.361426858512917
3,equity_843671cc-b0af-525e-a5ab-cc822260c2cf,-9.928571428571427,6.315675348055882
3,equity_857469cd-9a16-50e9-a787-c28db4d35a54,-1.42857142857143,3.6686760109703624
3,equity_85f9f80c-2913-5bac-816a-0b9ad6226c1f,2.7142857142857166,3.7593421048402225
3,equity_86024f0f-e3ec-533a-b886-0101ce4c3a73,-2.0000000000000004,5.806400409400452
3,equity_8694f05d-78cc-5277-a0e6-9022d3d7c957,0.214285714285716,4.051958458195096
3,equity_87cf683d-e37f-57df-b1b2-bcd2c0441706,-3.2142857142857157,3.9083897200869875
3,equity_8aaa753b-c33b-5de3-844e-8fbb5f9bcf9b,-0.4285714285714289,3.4478623960420514
3,equity_8cbb4c49-1386-50fd-a376-15b8fdea049e,-0.5000000000000004,3.058944729337697
3,equity_8ee33a0b-8237-5e0f-8f86-bebb652d100b,-2.0714285714285725,3.0522658027459304
3,equity_8f5a7279-ad52-55b0-8af2-9ce67e12e352,-2.6428571428571437,3.823931089806908
3,equity_8f98da24-43f5-5f39-8967-e694f92167a2,-0.14285714285714146,4.672979209656037
3,equity_90606491-6d1d-54e4-989e-78da2d2dbfa6,1.785714285714289,4.034291784697983
3,equity_908738df-2761-5dd3-a0fa-299f90d5f90d,-1.2857142857142854,4.390388388751233
3,equity_934a894c-c3d4-520a-8487-202b920c7091,1.5000000000000029,6.0886310917503135
3,equity_943926b7-ed6b-5754-9734-ed3184f76b20,0.92857142857143,8.825403962541367
3,equity_9801ad6a-4e84-5585-8161-d7280773a175,-8.214285714285715,3.2934691095424293
3,equity_9a83d7ac-5850-53a4-9808-9d6642c4dea4,-8.928571428571427,4.31300832555729
3,equity_9cd62830-89b7-54d4-9564-0db09c41382b,5.0714285714285765,5.073943038622301
3,equity_9d99e626-9bd8-5d26-b4f7-a12e5b614da1,2.928571428571433,6.678475935146174
3,equity_a25c1820-1202-5e7e-ad50-18d2166d84c3,-5.714285714285715,3.2387954425013232
3,equity_a39349b4-eef3-5fc5-a95f-28f1263df064,8.000000000000005,10.088890637018238
3,equity_a4365669-74e8-56ca-8bd7-7e859da99f6c,1.42857142857143,2.6649654437396637
3,equity_a848a16a-f190-5ccf-a351-a1fcb6863362,-2.0714285714285703,4.87287368594587
3,equity_a9221840-c0bb-525f-8819-1aa170c238f3,2.928571428571431,2.8338334892681987
3,equity_a964efa7-7086-574b-a34a-52efb58a688d,2.0714285714285747,5.219664544698604
3,equity_ab48b1a2-e6f0-57d6-bac6-8b9ab8c9ab4f,-2.571428571428574,2.366863075111558
3,equity_ac0356e5-8b2f-56a5-a533-384ef6afd627,-6.42857142857143,4.195478615882403
3,equity_ac3e6235-70fa-509a-9137-88ef0f3b9a1e,-0.5714285714285712,2.678333322750383
3,equity_adabd7e7-9fd9-567d-bfa5-7cf913708058,-3.3571428571428585,2.773783976992514
3,equity_af158cfc-ef4f-5242-a211-aee6176cf17b,-7.000000000000001,1.7113069358158457
3,equity_aff2387b-9d08-5e40-8737-a5d658baf07c,-6.7142857142857135,4.749865733870371
3,equity_b07ddb27-3d28-59b7-9093-642a86a997a5,-3.0714285714285743,1.8598880808987928
3,equity_b0e4649c-7804-5ca2-899d-98a3301ffd3d,-0.6428571428571427,5.075953715554252
3,equity_b1302ac2-6b39-559e-99c3-a49b1bff7da0,-5.071428571428575,1.5681784571500093
3,equity_b1cfd539-bee5-5378-9a1b-c4d7090e3a6d,-2.500000000000001,3.674234614174768
3,equity_b2ffb1ea-cbc8-5b19-94e4-36a45b603f2f,-15.357142857142856,1.2737538928662122
3,equity_b5649eae-cacd-5a55-b622-d2acb17d1247,-3.714285714285716,3.9628375733371994
3,equity_b5a5aa00-131e-545a-a75f-b3b4c341ef4d,3.785714285714289,1.3590212564600332
3,equity_b5f4e368-91bd-55bb-966e-5e9f31b8ab8d,-1.7857142857142874,2.9623487647611055
3,equity_b621314e-bf12-5462-ae24-4f3c48c5ed34,-9.714285714285714,6.0229154239522265
3,equity_b6781778-e97a-5d24-afb4-f7465b6a9321,-1.1428571428571392,9.62776596885386
3,equity_b6b4920e-ce4f-5c63-99b7-2ef66f4b8123,-2.499999999999998,5.994044663544929
3,equity_b76ae7ab-9aeb-5804-9526-48f3fe46db1a,-9.214285714285715,6.62170210561531
3,equity_ba12ea48-84e6-5905-9adb-4b8ed803cd70,-6.357142857142858,2.86249498707341
3,equity_ba78192b-6157-57ba-9a89-664f6ad5d2a4,3.5714285714285747,3.849198167230712
3,equity_bd1883b4-abac-5d18-b097-acf25f2fdcf8,1.9285714285714317,5.294394417201836
3,equity_bdad71da-994f-5fe7-bb1b-f99ddc7a4cbc,1.142857142857144,3.170334431596024
3,equity_becdb741-0d31-5f88-8b00-de8d5e4d4e7e,-6.642857142857143,9.642592588963547
3,equity_c366a36d-4779-51ec-81a1-55b836c27cf6,1.5714285714285736,4.092053024972147
3,equity_c3de33a2-667e-51c8-9376-b9ab39fbbca0,2.500000000000002,2.0873770280289246
3,equity_c68ee739-d4dd-5667-8a6f-13192ed7a6cc,-0.21428571428571283,12.875383885697607
3,equity_c9a7904f-50b6-57be-a2ec-7c50f3162c70,-3.999999999999999,5.1199888392735495
3,equity_cb34a8e2-2d14-5a05-851c-a3de26c82e84,-0.7857142857142848,4.941494444693709
3,equity_cdc413d2-1e92-5151-9d6b-1cbb7c013976,-5.357142857142855,7.647195030645861
3,equity_cf11e8df-1714-520f-a1e9-cfaa0439b486,-12.571428571428571,2.455730491095871
3,equity_d1faf0de-bcdf-5295-8684-9aa04dc9827b,-10.928571428571429,10.824669481686504
3,equity_d2c1c051-e118-590b-b120-7ae9b496652e,-3.928571428571432,1.4742691028964507
3,equity_d4d6e071-ca11-593f-b0aa-ca765fa9a008,0.5714285714285735,4.403152859263556
3,equity_d573891f-97f3-5a8e-8b19-5db704eef9c9,-1.0000000000000009,2.7645717829090923
3,equity_d8c098bb-8cd8-5dc4-a9b4-cba2074b110d,-1.0714285714285694,5.0315332186732356
3,equity_da8712ca-addc-5ecc-b8fd-9c54f75c71f6,1.0714285714285738,5.784391383150817
3,equity_db3796fa-dbad-5c17-8c00-563cc1f2da1b,-3.2857142857142887,2.697315369785603
3,equity_dcbb9c53-9bbd-5014-b7df-2706e84c7bb6,-8.999999999999998,6.0
3,equity_de594ded-d268-5e4f-99b8-1012df045ef0,-6.642857142857142,5.835325218714316
3,equity_de703932-c64c-5c0f-b762-64317187ac78,0.3571428571428575,3.1020072500869262
3,equity_e012cdce-768d-50c7-bb25-1ff8a901546c,-3.7142857142857166,2.185294077254052
3,equity_e0bdec68-aad4-5c66-9fcb-b4d41ec73ce9,5.071428571428576,0.863074712399613
3,equity_e0d28302-0a41-5c80-9674-41f8e243b826,-1.5000000000000013,3.1282126343511725
3,equity_e0efbf2a-5587-5503-9a92-3cbe966529f9,-8.142857142857142,5.309790725727372
3,equity_e1b1eb2c-cfa4-53b8-a488-5ca014963414,-4.142857142857145,2.6553757564915865
3,equity_e2379ea8-6a57-5013-be82-8037aafa519d,5.71428571428572,3.2934691095424324
3,equity_e33a8f41-3166-50cb-a503-35881a40f87b,-0.428571428571429,4.074560199129049
3,equity_e3473b64-4b40-506c-a5e7-445ee72d4337,3.28571428571429,4.8979379251239346
3,equity_e3d28f87-c787-5305-999f-1389f1a9896b,-2.3571428571428563,5.005099440387101
3,equity_e5bc02f3-153b-5ec8-8cd6-db352bba01db,-6.571428571428569,11.415617658743319
3,equity_e75be6eb-3561-558b-b260-c205c7e9c60f,2.7857142857142883,2.0849313599037766
3,equity_ea8243e7-75bd-549b-9ba6-48e03cf982c1,-4.500000000000002,1.5352989471574756
3,equity_eaa52f1c-7299-50e8-b69f-30df278129a4,2.3571428571428594,3.43005920101228
3,equity_eb217683-f803-5b98-a357-173c21d56906,6.357142857142859,5.145832472665105
3,equity_eb4ca0eb-3900-5be1-a809-c716b40fb10f,-1.5714285714285705,4.0745601991290465
3,equity_ebfcc30f-5a6c-5d5c-996d-b631de989d6a,-12.928571428571429,9.548479951686296
3,equity_ec5a39fc-469a-5803-8c4d-1bdfda159876,-0.9285714285714264,4.678435112517948
3,equity_ef82c5fa-7d9d-5bd9-8f1f-fde52e1a388b,-3.5714285714285707,4.2124693422247805
3,equity_efaee6b2-dc0f-5b4f-bbfe-e46fdcfc1620,1.3571428571428583,3.8052058862477756
3,equity_f02e8014-abbb-5a08-bf80-45a174fe3225,0.357142857142859,4.665330226516553
3,equity_f07d8826-7230-57a5-888a-89479eb31540,2.1428571428571446,2.18295811284802
3,equity_f39e281c-e020-5a97-94c9-8352f25a09f5,-1.4285714285714282,5.2265023228362075
3,equity_f477aeb1-d055-5f26-8265-e641f050b330,-8.785714285714285,14.101309824818054
3,equity_f648ef52-5189-5867-bc50-d2a5d643523c,-6.3571428571428585,2.601020208004731
3,equity_f71be61b-f2c9-5c76-8d38-441026d9f9c6,12.571428571428573,4.2964152119493
3,equity_f74bd52b-080c-5f81-a102-ae37e1a87727,-9.714285714285712,5.489321730525957
3,equity_f990a311-cb32-5507-944e-641f3c16e0d8,-4.999999999999999,5.182387756347731
3,equity_fa46c8b3-24ec-594c-b682-1f81d7c0a065,6.142857142857149,1.7467170372339278
3,equity_fa617ef7-a4e9-580e-9819-2f5f6468c0dd,-3.071428571428572,3.299659846414599
3,equity_faaeb60e-64f7-5b37-a928-b84ab0c117ed,7.5000000000000036,4.4481135648400745
3,equity_fb74255e-7cd4-55af-9674-c7db208f3b91,-8.071428571428573,4.378752035426887
3,equity_fc633f29-09e3-5814-a9d1-7b1ce0913f78,-1.0714285714285694,4.655477353371521
3,equity_fca62f3b-28a6-5ba6-904a-dd5aec4bc8d9,-8.642857142857142,3.345725265322962
3,forex_0b0cf1ef-37c5-589b-a69c-25a149b2d8df,3.785714285714289,2.3430313524081057
3,forex_1167a44f-4357-5097-8020-e497a9853e58,-3.0000000000000027,0.7071067811865481
3,forex_2342923a-24bd-5471-ae8a-196c3461c879,-4.357142857142861,1.2163847404233155
3,forex_2fffbd8b-d4ab-5b55-80d1-274dde6b2f5a,2.4285714285714306,1.1780301787479042
3,forex_e6c66c0e-87f1-548c-90da-44ce67af00fa,1.7142857142857157,1.190952285752363
3,fund_4ab9727e-1ded-52a1-aa4a-8c33219460d0,-4.642857142857145,4.44581894845584
3,fund_87ebbf0a-2dbc-5747-b0ed-76b37a915d74,-16.71428571428571,5.891017028718646
3,fund_99b9d918-5e65-59fc-a559-752a7db77ca7,-5.500000000000001,2.4640269015229044
3,fund_a02b062d-dd40-55e2-8113-721cc3c315af,-4.142857142857145,1.88441513689613
3,fund_dd32d893-f4fa-5c0b-90eb-7bb45c79b13d,-2.7142857142857166,2.032892781536817
4,commodity_35be58ef-7f43-54c9-a726-3c869a214507,2.785714285714289,4.853990573723435
4,commodity_5d2f8d54-096c-5b83-9b66-d23b0bc56ed6,0.7857142857142895,6.802610543319504
4,commodity_7ea082a2-41ea-5733-9761-0157cf429e73,-5.214285714285713,5.541126386634136
4,commodity_adba51c0-cb27-5e9c-9eb8-e1439f97a611,-2.857142857142859,3.0084913840932432
4,commodity_cf82679d-9e97-5e15-8ece-d56e52101f06,-10.928571428571429,3.7457458863219713
4,crypto_2d8162a4-e9a6-5222-8b4f-1d7c0e7e2ec7,-2.9285714285714275,13.302600635720424
4,crypto_34b4b2bc-b87f-599d-9da7-9481701f3195,-0.5714285714285728,8.368429496918639
4,crypto_58845559-7ee4-5f2b-a67e-d8b9bf506485,1.6428571428571466,6.1569605541457015
4,crypto_5f84e890-c8ae-58db-aecb-2430a8d8c6c4,-8.499999999999998,5.958187643906494
4,crypto_8f824f2d-c67f-55e7-8124-aa113059635d,-2.7857142857142834,6.958330787404319
4,crypto_92c1b64e-7e9b-5096-b017-1c169d9493f5,2.3571428571428594,4.86029309605829
4,crypto_9638a395-fafb-59e1-b218-57b9190d49cc,-4.214285714285714,6.052491475518534
4,crypto_a34bddab-6dac-558c-beff-c31f36d29a1e,-1.928571428571428,5.722315786391354
4,crypto_a9b10098-59c9-53b1-9f07-07f541ac340d,-4.928571428571428,5.341405455954263
4,crypto_afb25ca6-7aa1-5e99-9255-66dfd353d3a1,-14.857142857142858,2.9485382057929
4,crypto_b43c276e-3732-5b6a-bca6-0a1334805833,0.14285714285714382,9.042417050902317
4,crypto_c3f57103-e653-5c16-a919-d37c3a9a877d,-2.0714285714285694,6.603184142239755
4,crypto_cf03c817-33e8-5833-9ec5-c49d96f01e6d,-1.6428571428571437,5.389899851403854
4,crypto_d714183b-e023-5e80-854f-28ade5b29cc4,2.9999999999999964,17.830551629957256
4,equity_013d2cbc-1a8a-5434-a2ad-8d6d943eb036,0.42857142857142894,2.7829656769683107
4,equity_0172839b-35e4-5ffa-8e68-078f79726ed3,-7.1428571428571415,8.609439527611068
4,equity_01920302-d04b-570e-9f7d-dc0803f279d5,0.7142857142857164,6.064281507654611
4,equity_02d1387b-9087-533d-831f-41b2b68b9a61,2.7142857142857197,9.898979539243802
4,equity_0303151a-ce6c-5dec-9dcc-07fc57c0714d,-4.357142857142858,3.6126196046862256
4,equity_04a23db8-2e99-574a-9503-5df65650e440,3.7142857142857175,0.8806305718527117
4,equity_07594782-05db-5559-81f8-4d51d3d3c392,2.928571428571433,4.693677901699046
4,equity_077b74a3-3e50-58c2-aacb-4da6ea222da6,2.285714285714288,1.5779087167410386
4,equity_09092397-d4bf-5083-ae6f-323e3c4e3493,1.2142857142857153,3.483195811496177
4,equity_0a14ece2-c1cd-56c7-aa99-a17ab5832e4f,1.1428571428571452,4.6806156929731095
4,equity_0a557cc4-0ccd-5e41-9b75-24b09b77f67e,-0.6428571428571411,6.983216030057285
4,equity_0bcbf61f-ddb2-5b82-91ba-a9a4497cf772,-8.571428571428571,2.731150613472165
4,equity_0c400d23-32bd-5ba3-bd4f-919ef066f41d,-0.7857142857142834,5.410684818401609
4,equity_0d6f9a02-6c61-558c-91a7-934fd208266f,0.21428571428571447,3.0689358655629793
4,equity_0dfa88b2-ae9e-57d7-b899-3c806c590a67,-5.000000000000003,1.4142135623730931
4,equity_0e372eea-b090-547a-88a2-4a7f958db812,2.4285714285714306,2.7571798665169713
4,equity_0e4d472e-2931-5e69-b6cf-014d397216b0,-0.21428571428571294,4.666423706017452
4,equity_0eb93e16-78cb-5cc6-b3e1-cc34fe1ec52e,-4.357142857142857,4.041872671655745
4,equity_0f63b301-48b4-532f-82b9-ba9989e9027f,0.714285714285715,4.398515519525905
4,equity_0f68a4f7-29d0-5c9a-9d20-41cc8186cddd,-5.214285714285713,7.836987134539575
4,equity_105d190f-f458-59ac-bc32-508bcc63ac10,-0.21428571428571447,1.687287401573961
4,equity_11870bd0-eb6e-503f-8036-31e3653b3c09,-7.142857142857142,7.104899143318977
4,equity_118d9bb6-18a6-57b5-bf42-8cf50aa0f133,-9.285714285714285,7.070346237516758
4,equity_13790285-b3e0-5b8c-bf39-67b451154ef2,-6.928571428571428,8.248067182370544
4,equity_158a90f9-fcd7-5b16-b706-bd529139322e,2.78571428571429,8.167256677284799
4,equity_1682f682-f022-5a4e-84b3-78bee1ee6e81,-2.7142857142857166,1.924599083615356
4,equity_1720b66a-42d6-5a8b-b25c-7de04a1dc20f,-3.9999999999999996,6.67618368317024
4,equity_17b2425d-f3ab-5bfe-809e-eafb5bdb1610,-2.714285714285713,6.198255185690469
4,equity_1a8294a9-a56c-53d9-934a-9cea6d9fcd3f,-5.928571428571429,3.0522658027459277
4,equity_1ad229e8-98fd-538e-a91c-a7476979cda2,-7.57142857142857,1.3209458577790643
4,equity_1b132012-977f-520f-bf6a-ce0626e9fcc7,4.5000000000000036,2.0177781274036497
4,equity_1c813d87-88dc-564d-9504-8547b80a1cc2,0.42857142857142894,3.4685172977654273
4,equity_1d450e7c-5a19-5ef8-b105-97706fe0692c,0.5714285714285733,8.033094811148311
4,equity_1e28fe98-b931-5889-9c29-a68fa35e0d77,-2.2857142857142856,3.740293560453157
4,equity_1e351718-edfb-5dde-93d9-2219503d35d1,-2.571428571428569,10.125740083811062
4,equity_1f7d6c01-9f20-5a04-be70-9f4a9bfe3abc,-4.714285714285714,3.3685217493004567
4,equity_1fefba64-281d-54b9-b11d-cf38a85ebdec,-0.7857142857142849,4.051958458195096
4,equity_2370d3c3-6171-585d-9e31-237c8eb4f476,-1.2857142857142854,4.534448642315396
4,equity_238acad3-0ea8-5977-8ee3-376e689d95e2,-6.857142857142855,6.911244903955363
4,equity_2461f883-5729-5da7-b4b0-5b30c872a0a3,-3.785714285714285,5.762298294313917
4,equity_24b377f3-f43f-576b-9216-ff7e3e56e9eb,-6.785714285714285,6.56754543655577
4,equity_252124ac-772e-5038-8333-fccb619e00af,-1.7857142857142858,4.349524956468096
4,equity_253c7cbe-670a-5ab1-91a2-536080a502bf,1.142857142857144,4.024161720286653
4,equity_26732afa-a2d8-548b-a63d-002ff608d253,1.0714285714285732,3.3851416031636554
4,equity_27870ecf-e086-54d7-8222-d855946db377,0.42857142857142894,3.234066120763366
4,equity_278e7a41-fd2f-5ab1-9536-f91c9f1c1b68,-1.1428571428571392,8.479868116032595
4,equity_29935658-88be-5858-aea7-62dfedfde05b,-0.42857142857142894,4.021625217216932
4,equity_2d00bda5-696b-550e-b8f9-9a217be569ce,-6.07142857142857,8.841576182319256
4,equity_2d93e113-d967-5620-9994-fd0f1f510899,0.5000000000000004,2.4053511772118217
4,equity_2e754c83-3225-55c0-b13b-e386f99a8135,-5.35714285714286,1.1561724325884741
4,equity_2f5dad67-44e3-5eca-a657-a418be6394cd,-8.499999999999998,5.548487567410987
4,equity_2faa504c-f498-5d12-89e6-4da3e57868c5,1.5714285714285727,4.0304959941902565
4,equity_2fbd92da-2845-5333-9fa3-59e5c42f9019,2.4285714285714306,3.5799897388976225
4,equity_3094f431-2130-5c31-bfbe-26404e229a12,-0.7142857142857126,6.963461489687969
4,equity_31110c28-e4e5-5826-8b96-51ca7f86d439,6.5000000000000036,4.605896841472434
4,equity_33682f19-0654-5b05-bc70-c313647fbfd2,-7.571428571428571,6.847463406403926
4,equity_3448ed91-1365-51d0-8e39-1bb85c70b3f8,7.428571428571435,3.189587651680875
4,equity_345a5311-cbb1-5f16-9080-a36da2111f3a,2.642857142857145,1.2453996981544793
4,equity_347a1ada-c576-5fdd-b126-9ab8d8857834,0.0714285714285715,3.4685172977654273
4,equity_3654a634-bc57-538d-b464-792908e1125d,-1.714285714285715,3.3150861102492293
4,equity_3719e395-c0b4-56df-914f-0277e5b495d9,2.357142857142859,3.8425650446607933
4,equity_3879b2c2-adeb-567a-a9df-5f196f9a4c43,-14.142857142857142,6.197431989566818
4,equity_392c79d4-9e22-5570-9f74-28022eb5b200,2.214285714285717,3.8345901518484453
4,equity_396caf80-29d7-5d17-adb8-e2e1e368773e,-8.214285714285715,3.092122974559051
4,equity_3ae93f3c-eda4-5ec9-bf36-83f6dd6f0e24,-2.0000000000000018,3.4226138716317
4,equity_3b75a39a-268f-5c12-bc4a-4e26a649a7e1,-3.357142857142857,8.24930423782292
4,equity_3dd6659c-1a88-5d87-86cc-4f05136f1d65,-6.571428571428573,5.233331166861202
4,equity_3e4476c6-0155-587c-b886-46acd1bb8f57,-0.8571428571428564,3.9434782119549325
4,equity_3e5cf1f0-b8fc-5e35-9ed0-b05a9be0c731,0.6428571428571446,10.325814688420076
4,equity_3f12ff70-e632-584b-89ba-69d0782d9ad0,-3.5,3.751190287285967
4,equity_3f8ad8b5-f4b0-5cb9-9c03-b91a45b1c70a,0.7857142857142864,3.7307328163430307
4,equity_41099493-8a45-5cdf-be6c-31a33eda0145,-11.714285714285715,7.323431781700743
4,equity_45c5c123-a0cb-5243-9c30-8e721b60478c,-7.5,4.992852033514656
4,equity_45e92af8-55ef-5e9b-ac6d-cc387d5a8b26,2.7142857142857166,2.1189138534559055
4,equity_4797df45-e72a-5d2e-b96c-ace95eff18b2,-4.07142857142857,7.0021862475156995
4,equity_48d8175f-6b57-55d9-8d1a-c429f551883a,-0.6428571428571405,6.4349175026029775
4,equity_49812ec8-b303-53bb-91a7-8f6d041625cd,3.500000000000003,1.71130693581585
4,equity_4a899291-122f-5088-bcc0-62adff9287ab,-2.9999999999999964,7.634508123364223
4,equity_4b443ba6-d413-5851-a560-431dd9491d00,-5.499999999999998,6.341473465550868
4,equity_4c034635-ef4d-5d65-9ccf-4a417b2d9972,-2.500000000000002,2.7645717829090923
4,equity_4d04858e-8f04-5ed9-986c-2ea3c1c11fff,-11.0,4.301162633521315
4,equity_4d39e69a-a9b6-5d88-89d1-63af8648dc58,0.4285714285714312,5.678459118386228
4,equity_4fc4c899-ab92-5b30-8b40-9783260057d1,-4.92857142857143,3.639354057959141
4,equity_52efa765-6df3-5464-a54c-3434d7d41172,-5.214285714285714,13.640426111005327
4,equity_530f1635-0f96-5265-beb4-8ad722d211c7,-4.000000000000001,3.5757117173668087
4,equity_541d1e40-311d-537c-99cb-3ba773bef294,-8.571428571428571,10.929738499775256
4,equity_54c895f1-30a1-50d1-b87b-88a23f0db939,-5.928571428571428,5.314592925068079
4,equity_56b28eb6-34ca-56e9-a0de-0798b00e74da,3.1428571428571455,1.4321384039831029
4,equity_572a7254-f158-5cbc-b139-339cc838f991,7.785714285714293,1.924599083615356
4,equity_5754fb9e-f00d-5188-8502-5742733222fa,-8.785714285714283,9.970875956852478
4,equity_596252ea-ae6c-57cc-8f1c-ff4f1e87d89c,1.4285714285714313,4.337778985911137
4,equity_5a67b993-0334-5475-9ec9-9ababb266b02,2.642857142857145,0.4403152859263558
4,equity_5c0cca8f-0cd5-513b-a290-b3e43a456679,-8.214285714285715,4.207621850006611
4,equity_5cec2cca-7032-522f-9f48-486b9df96e29,-3.3571428571428554,7.712301332075577
4,equity_5d41cba5-6315-5c45-b43e-e3682682532e,0.7857142857142871,4.5501738024665705
4,equity_5fd62c5f-2c8d-560d-9856-1153a496f443,-6.714285714285714,2.9259570211805768
4,equity_605870fb-31f5-56e1-bb3f-ff917ad68710,2.3571428571428594,0.692525693916619
4,equity_61d2639f-a079-5015-93eb-1cbc9a373648,-0.6428571428571433,3.136356914300024
4,equity_61df4ce6-6c9d-5d3d-a3a3-5484dc955671,1.7142857142857157,3.10365156891435
4,equity_622c47d4-3114-5935-a088-084754615cf3,-4.142857142857143,5.938459911664723
4,equity_628f5fe4-f60d-5d5d-bd82-f21429c69b5c,1.8571428571428588,1.7871422861709736
4,equity_6314f72c-8248-561a-a27a-1b44bda37fde,3.642857142857146,4.231803783885325
4,equity_643edad1-fae0-593d-a41f-8ffef450e11f,1.285714285714287,2.602981022612659
4,equity_6450e9e7-4c57-5c72-97d1-057751df8e53,-0.42857142857142894,2.426469678780435
4,equity_64670054-ae94-56a7-adec-c0b1d83b5f89,-7.714285714285715,4.802210375420457
4,equity_66030d24-c4db-5de4-b6cd-c0c5afaa1703,-10.428571428571429,3.9318168412922527
4,equity_67e7b9a6-48a8-5dd1-bbc5-db5727f74fd4,-12.785714285714286,1.6872874015739605
4,equity_6806a066-5267-5030-b741-8fd776bea2ca,-5.285714285714286,7.328306873531777
4,equity_68ddf211-c21a-5b50-a434-fd6a8ae20a11,-0.42857142857142655,7.108488745499848
4,equity_691fcac3-274c-5746-bf9e-d61e881c987b,-3.7857142857142883,1.8680995472317183
4,equity_6aa5515c-952b-5a96-8aa8-824095495923,-7.857142857142854,6.197431989566817
4,equity_6b07e976-9dd0-531d-90f9-5bbbaabf1c96,-6.357142857142856,8.555342047575913
4,equity_6b33ef2c-cd56-560f-b478-26b9ed3e1f6d,2.2857142857142896,7.279409036341301
4,equity_6c8e136c-6574-5381-abca-d8c525ace9fb,-1.5714285714285727,2.5970941375282655
4,equity_6e733fe0-2e3e-594f-a4c1-609f6a481299,-5.214285714285716,2.032892781536813
4,equity_6ea61a87-9d2f-5892-8152-c802de2f6d23,3.5714285714285747,4.0304959941902565
4,equity_6f455cc1-fa98-5ef5-8e6e-dbabed0ea6a1,-6.571428571428569,7.504420466006172
4,equity_6f6d0be0-524d-52a8-bb11-f60b25a783a8,-3.42857142857143,2.274526189727236
4,equity_73187115-a770-5035-8203-59b70077611f,1.785714285714289,4.016547405574157
4,equity_739cdc9f-d524-52db-ad09-5d7c5f3b8334,-3.5,3.391164991562633
4,equity_73a29d7a-0803-5db8-ad83-65732918f5f9,-13.142857142857144,15.985963230539573
4,equity_73c23c4e-25e5-561a-9886-64d92976357e,1.142857142857144,3.2372197696070484
4,equity_73fd14fb-d2e2-59fd-a5e4-45499d17e077,2.214285714285716,1.924599083615356
4,equity_7510cc5f-de04-5514-a13c-8cc5bc6b4d3a,6.142857142857143,8.025469660107506
4,equity_75138a92-ae17-5eef-aa64-afc8372299bb,0.28571428571428825,5.450145101981513
4,equity_75ae4da5-3238-5400-93cc-d8f0bb660019,-1.1428571428571415,4.453844933748543
4,equity_7638e22b-6c30-523c-9d32-68a94a074a36,2.85714285714286,3.879564461142938
4,equity_7672b425-c92b-5d8a-81ab-c60724a958d0,0.6428571428571442,5.349995231735433
4,equity_778b2c1d-426a-5fff-9eda-198e013bd945,-2.928571428571428,4.84346814518991
4,equity_77a8f069-8c05-523b-aa70-b39a8942b1c1,-3.9285714285714284,5.531911135975211
4,equity_7845e72e-ee7b-570c-b9c1-606234f64a58,1.142857142857144,2.8624949870734135
4,equity_78949a37-2de6-5bab-a465-05a33a4f8eaa,1.0714285714285725,3.3956755211442067
4,equity_789b8a92-7cca-5c0b-bf76-5192d283804a,-2.571428571428572,3.4685172977654246
4,equity_7976a2f1-8279-537d-85d6-05e2d4f65ebf,-3.14285714285714,9.128895590041417
4,equity_7a450250-b41b-5c37-992e-3abb7b5c8b66,-1.2857142857142854,4.0607629724434
4,equity_7ac51593-a969-54db-9992-83d7c56094d8,-9.142857142857142,4.603680869806292
4,equity_7b5c3d6c-cf15-5fe4-99d4-cd6ecb8c53f2,-4.142857142857144,4.549052379454475
4,equity_7c3deb24-9789-551f-b5eb-e932aeabaf83,-3.428571428571428,3.994894701174161
4,equity_7cd4c68a-b632-5182-b1d1-52e55c3a2df3,5.642857142857144,5.992342051761241
4,equity_7d4bc152-96eb-5872-be67-303e3002a0fa,1.7857142857142874,2.697315369785603
4,equity_7e48cabb-84f7-5887-a4f5-4bf0071d6671,-2.214285714285714,4.689327874905673
4,equity_7e794ba4-ddfc-5658-bb39-22c0050f665f,1.8571428571428588,3.2372197696070484
4,equity_7e8a395b-3e8d-5baf-90d4-19f11971fe98,-4.4999999999999964,9.422617167523804
4,equity_7ef22304-346b-5d5b-abea-92d0948ebc01,-0.571428571428572,2.932923595378261
4,equity_7f48b162-c593-5c99-9fef-da5149a75292,-5.571428571428571,1.9166296949998178
4,equity_7fd7261d-ec71-54a2-b468-3a3e693e788e,-2.642857142857145,1.9032732277820343
4,equity_7feda97e-a991-555f-ad42-7f3dce5dbc6d,-0.9999999999999993,5.688333926304158
4,equity_80fd811f-6852-5205-a17a-a955c166c782,6.785714285714293,5.222596117265978
4,equity_824befe3-bb5e-5471-bf51-57eae9d98338,-5.285714285714287,1.7496355305594098
4,equity_83afc793-0f34-5ad0-a25c-b442882abd4d,-4.714285714285714,4.712120714991612
4,equity_843671cc-b0af-525e-a5ab-cc822260c2cf,-8.857142857142858,8.621875358289376
4,equity_84fa1055-5544-5b95-ab2c-1dcbae92f9ab,2.0000000000000018,3.82659863885111
4,equity_857469cd-9a16-50e9-a787-c28db4d35a54,1.285714285714287,2.7497680792743107
4,equity_8575df20-9c5a-5044-bb52-0e0b3ecc9d93,-4.428571428571426,9.781281582070683
4,equity_85f9f80c-2913-5bac-816a-0b9ad6226c1f,-0.14285714285714146,4.756306232738999
4,equity_86024f0f-e3ec-533a-b886-0101ce4c3a73,0.4285714285714289,4.074560199129049
4,equity_8694f05d-78cc-5277-a0e6-9022d3d7c957,-0.35714285714285593,4.041872671655746
4,equity_87cf683d-e37f-57df-b1b2-bcd2c0441706,-3.0714285714285743,3.052265802745931
4,equity_8aaa753b-c33b-5de3-844e-8fbb5f9bcf9b,0.6428571428571433,3.5326465768223567
4,equity_8cbb4c49-1386-50fd-a376-15b8fdea049e,-1.2857142857142854,4.09579176766613
4,equity_8d479f24-2700-5d8e-8044-863adac4ce72,-6.571428571428569,3.4992710611188262
4,equity_8ec54a63-98e4-5c76-ab93-11b94e6c512a,-8.785714285714285,9.425865412550204
4,equity_8ee33a0b-8237-5e0f-8f86-bebb652d100b,-2.499999999999999,4.713203338949606
4,equity_8f5a7279-ad52-55b0-8af2-9ce67e12e352,1.8571428571428603,7.084763761129969
4,equity_8f98da24-43f5-5f39-8967-e694f92167a2,-2.7142857142857153,4.658763959748666
4,equity_90606491-6d1d-54e4-989e-78da2d2dbfa6,3.500000000000003,2.853569193634028
4,equity_908738df-2761-5dd3-a0fa-299f90d5f90d,-1.42857142857143,3.4166459266004026
4,equity_913727ed-97f0-5377-91df-a1068ef091f3,0.4285714285714305,4.195478615882404
4,equity_934a894c-c3d4-520a-8487-202b920c7091,-1.142857142857144,4.059506353823667
4,equity_943926b7-ed6b-5754-9734-ed3184f76b20,-2.357142857142852,12.185220221101249
4,equity_974e2550-0928-5297-b3d9-f09b22edd483,-2.4999999999999982,6.702877846758918
4,equity_9801ad6a-4e84-5585-8161-d7280773a175,-11.07142857142857,9.162924406185475
4,equity_9a83d7ac-5850-53a4-9808-9d6642c4dea4,-10.499999999999996,6.713525792862388
4,equity_9bcb5738-6092-5a90-83b0-28f2be8172b2,-0.7857142857142833,6.854910350862904
4,equity_9cd62830-89b7-54d4-9564-0db09c41382b,1.714285714285716,4.839252767415525
4,equity_9d99e626-9bd8-5d26-b4f7-a12e5b614da1,5.5714285714285765,4.931158741169492
4,equity_a18945ae-e7c6-55d7-bfc3-74438183e6a1,0.6428571428571435,3.302750863341972
4,equity_a20ab55e-afdf-5659-b70c-b18a9649084c,1.7142857142857173,6.011044257134073
4,equity_a25c1820-1202-5e7e-ad50-18d2166d84c3,-5.214285714285717,1.9245990836153546
4,equity_a39349b4-eef3-5fc5-a95f-28f1263df064,6.500000000000006,1.71130693581585
4,equity_a4365669-74e8-56ca-8bd7-7e859da99f6c,0.8571428571428579,2.3101373755423205
4,equity_a848a16a-f190-5ccf-a351-a1fcb6863362,1.1428571428571455,2.9965967090575765
4,equity_a9221840-c0bb-525f-8819-1aa170c238f3,1.4285714285714313,4.894811914003377
4,equity_a964efa7-7086-574b-a34a-52efb58a688d,-0.7857142857142834,7.11064163699704
4,equity_a9857ed6-131b-5672-9d7c-3f8dd9c70966,0.9285714285714303,6.338254443279724
4,equity_aa668713-ba4d-5567-abd7-7b2dc58c3924,-9.285714285714285,6.175164213300284
4,equity_ab48b1a2-e6f0-57d6-bac6-8b9ab8c9ab4f,-0.9285714285714294,2.1452367739544598
4,equity_ac0356e5-8b2f-56a5-a533-384ef6afd627,-8.214285714285714,5.290538339183202
4,equity_ac3e6235-70fa-509a-9137-88ef0f3b9a1e,-0.714285714285715,3.574284572341947
4,equity_adabd7e7-9fd9-567d-bfa5-7cf913708058,0.0714285714285715,5.5512454936358475
4,equity_af158cfc-ef4f-5242-a211-aee6176cf17b,-5.2142857142857135,4.438927982368386
4,equity_aff2387b-9d08-5e40-8737-a5d658baf07c,-4.928571428571429,3.668676010970359
4,equity_b07ddb27-3d28-59b7-9093-642a86a997a5,-3.785714285714289,0.6468132241526732
4,equity_b0e4649c-7804-5ca2-899d-98a3301ffd3d,4.928571428571432,2.795769398682992
4,equity_b1302ac2-6b39-559e-99c3-a49b1bff7da0,-4.3571428571428585,3.430059201012277
4,equity_b2ffb1ea-cbc8-5b19-94e4-36a45b603f2f,-15.214285714285715,4.876013761678862
4,equity_b3373c42-3686-5901-b0e6-692fc09a5748,-11.714285714285715,3.379107477861391
4,equity_b5649eae-cacd-5a55-b622-d2acb17d1247,-1.0000000000000009,3.9731239957638262
4,equity_b571d0a3-1231-5868-8c7f-c28d2a52406d,-1.7142857142857129,6.272713828600044
4,equity_b5a5aa00-131e-545a-a75f-b3b4c341ef4d,3.35714285714286,1.528638182788051
4,equity_b5f4e368-91bd-55bb-966e-5e9f31b8ab8d,-0.8571428571428579,3.3986792152486656
4,equity_b621314e-bf12-5462-ae24-4f3c48c5ed34,-7.357142857142856,6.680003666136107
4,equity_b6781778-e97a-5d24-afb4-f7465b6a9321,6.714285714285713,8.798770786134774
4,equity_b6b4920e-ce4f-5c63-99b7-2ef66f4b8123,3.7142857142857175,3.853172559788911
4,equity_b76ae7ab-9aeb-5804-9526-48f3fe46db1a,-6.785714285714286,3.503642419551634
4,equity_ba12ea48-84e6-5905-9adb-4b8ed803cd70,-4.928571428571428,4.144088486960082
4,equity_ba78192b-6157-57ba-9a89-664f6ad5d2a4,4.571428571428576,2.426469678780435
4,equity_bd1883b4-abac-5d18-b097-acf25f2fdcf8,3.0714285714285756,4.828698223187307
4,equity_bdad71da-994f-5fe7-bb1b-f99ddc7a4cbc,1.2142857142857153,3.3579026495837625
4,equity_becdb741-0d31-5f88-8b00-de8d5e4d4e7e,4.857142857142859,9.836935809613124
4,equity_c3269539-01b8-5845-8971-363e7e618c20,-2.4285714285714293,3.1102201510110343
4,equity_c366a36d-4779-51ec-81a1-55b836c27cf6,5.214285714285719,3.271709283028228
4,equity_c3de33a2-667e-51c8-9376-b9ab39fbbca0,0.285714285714286,3.1151374981937923
4,equity_c68ee739-d4dd-5667-8a6f-13192ed7a6cc,-5.428571428571427,6.427777728780941
4,equity_c864ecb9-9c8f-51c3-908b-f06268302528,8.428571428571434,3.288818409491811
4,equity_c98b03ab-c85e-5bc0-8555-96e6249733e7,2.85714285714286,4.189393799604341
4,equity_c9a7904f-50b6-57be-a2ec-7c50f3162c70,-1.0714285714285716,3.745745886321972
4,equity_cb34a8e2-2d14-5a05-851c-a3de26c82e84,-9.285714285714286,4.1305235128002735
4,equity_cdc413d2-1e92-5151-9d6b-1cbb7c013976,4.642857142857142,7.572102395892272
4,equity_ce52977e-d094-577a-b8ce-6d4a33b46832,5.285714285714288,3.544181780015797
4,equity_cf11e8df-1714-520f-a1e9-cfaa0439b486,-12.285714285714285,6.3237485653975325
4,equity_cfe51880-dd08-5db8-9534-d55ddcbb8a18,-2.9285714285714275,4.16986271980755
4,equity_d0e52831-27bf-5496-8ea8-205972891f93,5.000000000000004,3.1509635714446853
4,equity_d0e6c420-61a9-5220-9575-e2d844908589,0.07142857142857302,6.731740230476239
4,equity_d1faf0de-bcdf-5295-8684-9aa04dc9827b,-18.285714285714285,8.012744949931518
4,equity_d2c1c051-e118-590b-b120-7ae9b496652e,2.0714285714285734,3.2119038794167336
4,equity_d3232e9c-432e-5a27-a286-7ab5401f97b9,2.8571428571428603,4.541194664357812
4,equity_d4d6e071-ca11-593f-b0aa-ca765fa9a008,-0.2857142857142844,5.236255088031788
4,equity_d573891f-97f3-5a8e-8b19-5db704eef9c9,1.3571428571428583,2.559496123881276
4,equity_d62d0544-c7ef-5aac-89a3-9c2c26cb704d,-3.0000000000000004,12.412551251512664
4,equity_d8c098bb-8cd8-5dc4-a9b4-cba2074b110d,-1.4285714285714275,5.04570943212839
4,equity_da8712ca-addc-5ecc-b8fd-9c54f75c71f6,4.357142857142861,1.9032732277820343
4,equity_db3796fa-dbad-5c17-8c00-563cc1f2da1b,1.0000000000000009,2.8660575211055566
4,equity_db49741d-aa9e-525e-92e4-4b0b4f0bda19,-4.8571428571428585,2.294625486315571
4,equity_db63c64a-5406-5b81-9b96-959ac4a9962b,4.428571428571432,4.092053024972148
4,equity_db854dfc-1804-5019-afe5-223ef5e047fd,-5.000000000000004,1.0350983390135322
4,equity_db8be0ab-5c67-5565-ad17-12673dfde07e,-6.571428571428571,5.341405455954264
4,equity_dcbb9c53-9bbd-5014-b7df-2706e84c7bb6,-8.071428571428571,5.930722501327736
4,equity_de594ded-d268-5e4f-99b8-1012df045ef0,-4.785714285714287,5.731224893119291
4,equity_de703932-c64c-5c0f-b762-64317187ac78,-0.8571428571428579,3.8979324713263614
4,equity_e012cdce-768d-50c7-bb25-1ff8a901546c,-6.499999999999998,2.8410259716216197
4,equity_e0bdec68-aad4-5c66-9fcb-b4d41ec73ce9,3.4285714285714315,3.447862396042052
4,equity_e0d28302-0a41-5c80-9674-41f8e243b826,-2.928571428571431,1.7612611437054233
4,equity_e0efbf2a-5587-5503-9a92-3cbe966529f9,-3.57142857142857,3.985944693801059
4,equity_e0fcc553-0791-5581-a0f1-e1a1e5f92964,3.571428571428576,6.537958240856521
4,equity_e159b6d2-aa08-54db-9484-af8443d74188,0.07142857142857226,4.64779956714213
4,equity_e1b1eb2c-cfa4-53b8-a488-5ca014963414,-2.214285714285714,6.3575441285876115
4,equity_e2379ea8-6a57-5013-be82-8037aafa519d,-0.07142857142857004,4.459568936796563
4,equity_e33a8f41-3166-50cb-a503-35881a40f87b,-1.142857142857144,4.364747462129201
4,equity_e3473b64-4b40-506c-a5e7-445ee72d4337,3.928571428571432,1.2657175104763834
4,equity_e3d28f87-c787-5305-999f-1389f1a9896b,-1.2142857142857153,3.1831828507367446
4,equity_e575933a-1490-5bf1-9c5e-635db20b4cac,2.8571428571428603,2.7086407465512212
4,equity_e5bc02f3-153b-5ec8-8cd6-db352bba01db,-12.857142857142858,4.9621012665595465
4,equity_e75be6eb-3561-558b-b260-c205c7e9c60f,0.5714285714285735,5.073943038622299
4,equity_ea8243e7-75bd-549b-9ba6-48e03cf982c1,-3.4285714285714315,2.396851676508933
4,equity_eaa52f1c-7299-50e8-b69f-30df278129a4,3.5714285714285747,0.4164965639175218
4,equity_eb217683-f803-5b98-a357-173c21d56906,1.7142857142857189,7.689775878478158
4,equity_eb4ca0eb-3900-5be1-a809-c716b40fb10f,-4.42857142857143,4.296415211949306
4,equity_ebfcc30f-5a6c-5d5c-996d-b631de989d6a,-12.285714285714285,7.2202945273184325
4,equity_ec5a39fc-469a-5803-8c4d-1bdfda159876,-0.6428571428571419,5.173519703494807
4,equity_ef82c5fa-7d9d-5bd9-8f1f-fde52e1a388b,-3.0714285714285703,3.7836921823282927
4,equity_efaee6b2-dc0f-5b4f-bbfe-e46fdcfc1620,1.8571428571428588,3.0788945803217604
4,equity_f02e8014-abbb-5a08-bf80-45a174fe3225,-2.1428571428571432,3.4404555939406563
4,equity_f07d8826-7230-57a5-888a-89479eb31540,1.142857142857144,3.3986792152486656
4,equity_f249c87d-ad66-57a1-8949-95dca1a352ba,0.285714285714286,3.3791074778613948
4,equity_f39e281c-e020-5a97-94c9-8352f25a09f5,-0.9285714285714272,6.516071183885994
4,equity_f477aeb1-d055-5f26-8265-e641f050b330,-14.785714285714283,10.582523135735041
4,equity_f648ef52-5189-5867-bc50-d2a5d643523c,-5.7857142857142865,3.5340905362437076
4,equity_f71be61b-f2c9-5c76-8d38-441026d9f9c6,1.0000000000000022,5.338539126015657
4,equity_f74bd52b-080c-5f81-a102-ae37e1a87727,-8.999999999999998,7.329003050503237
4,equity_f990a311-cb32-5507-944e-641f3c16e0d8,-2.0714285714285694,5.045709432128389
4,equity_fa46c8b3-24ec-594c-b682-1f81d7c0a065,5.28571428571429,1.809837065617134
4,equity_fa617ef7-a4e9-580e-9819-2f5f6468c0dd,-2.6428571428571437,3.032140753827305
4,equity_faaeb60e-64f7-5b37-a928-b84ab0c117ed,3.7857142857142887,9.180169399530797
4,equity_faef6935-60d0-576b-bacb-cf1cafea5c70,-3.357142857142856,8.162257590862456
4,equity_fb74255e-7cd4-55af-9674-c7db208f3b91,-6.785714285714287,3.7402935604531558
4,equity_fc633f29-09e3-5814-a9d1-7b1ce0913f78,-2.285714285714287,3.9175169145148847
4,equity_fca62f3b-28a6-5ba6-904a-dd5aec4bc8d9,-15.928571428571429,6.143687651499194
4,forex_0b0cf1ef-37c5-589b-a69c-25a149b2d8df,3.7142857142857175,2.3277386766857626
4,forex_1167a44f-4357-5097-8020-e497a9853e58,-2.4285714285714306,1.4982983545287893
4,forex_2342923a-24bd-5471-ae8a-196c3461c879,-2.928571428571431,0.562429133857987
4,forex_2fffbd8b-d4ab-5b55-80d1-274dde6b2f5a,2.214285714285716,1.385051387833238
4,forex_e6c66c0e-87f1-548c-90da-44ce67af00fa,2.4285714285714306,0.562429133857987
4,fund_4ab9727e-1ded-52a1-aa4a-8c33219460d0,-1.7857142857142871,2.92595702118058
4,fund_87ebbf0a-2dbc-5747-b0ed-76b37a915d74,-16.07142857142857,4.791574237499549
4,fund_99b9d918-5e65-59fc-a559-752a7db77ca7,-4.142857142857143,2.0995626366712945
4,fund_a02b062d-dd40-55e2-8113-721cc3c315af,-3.2857142857142887,2.6572964625340414
4,fund_dd32d893-f4fa-5c0b-90eb-7bb45c79b13d,-1.7857142857142871,2.6840420325794216
5,commodity_35be58ef-7f43-54c9-a726-3c869a214507,3.785714285714289,2.4180444114015387
5,commodity_5d2f8d54-096c-5b83-9b66-d23b0bc56ed6,-2.1428571428571423,4.642307659791979
5,commodity_7ea082a2-41ea-5733-9761-0157cf429e73,-4.928571428571428,6.543418566056451
5,commodity_adba51c0-cb27-5e9c-9eb8-e1439f97a611,-1.7142857142857142,3.9987242863652597
5,commodity_cf82679d-9e97-5e15-8ece-d56e52101f06,-4.785714285714285,4.6434065608985735
5,crypto_2d8162a4-e9a6-5222-8b4f-1d7c0e7e2ec7,1.4285714285714293,12.245782280992476
5,crypto_34b4b2bc-b87f-599d-9da7-9481701f3195,-9.071428571428571,6.326974967936728
5,crypto_58845559-7ee4-5f2b-a67e-d8b9bf506485,3.000000000000005,8.349508112115693
5,crypto_5f84e890-c8ae-58db-aecb-2430a8d8c6c4,-9.357142857142856,7.2442799391474875
5,crypto_8f824f2d-c67f-55e7-8124-aa113059635d,-5.999999999999999,6.886840453253686
5,crypto_92c1b64e-7e9b-5096-b017-1c169d9493f5,-0.9285714285714265,8.436437007869799
5,crypto_9638a395-fafb-59e1-b218-57b9190d49cc,-0.6428571428571437,8.745261107407522
5,crypto_a34bddab-6dac-558c-beff-c31f36d29a1e,-7.07142857142857,5.596099224514543
5,crypto_a9b10098-59c9-53b1-9f07-07f541ac340d,-2.0714285714285694,7.418262077124129
5,crypto_afb25ca6-7aa1-5e99-9255-66dfd353d3a1,-11.000000000000002,13.525108924832043
5,crypto_b43c276e-3732-5b6a-bca6-0a1334805833,-2.4999999999999982,7.704358692139333
5,crypto_c3f57103-e653-5c16-a919-d37c3a9a877d,-2.0714285714285716,9.412865706910223
5,crypto_cf03c817-33e8-5833-9ec5-c49d96f01e6d,-6.785714285714285,8.03499996825115
5,crypto_d714183b-e023-5e80-854f-28ade5b29cc4,-7.428571428571429,12.196101752575847
5,equity_013d2cbc-1a8a-5434-a2ad-8d6d943eb036,1.3571428571428583,1.7053337694733333
5,equity_0172839b-35e4-5ffa-8e68-078f79726ed3,1.6428571428571441,8.931142486963747
5,equity_01920302-d04b-570e-9f7d-dc0803f279d5,-0.7142857142857109,7.624477231995944
5,equity_02d1387b-9087-533d-831f-41b2b68b9a61,0.7142857142857149,5.041663152863231
5,equity_0303151a-ce6c-5dec-9dcc-07fc57c0714d,-1.7142857142857157,2.432769480846631
5,equity_04a23db8-2e99-574a-9503-5df65650e440,3.500000000000003,0.46291004988627615
5,equity_07594782-05db-5559-81f8-4d51d3d3c392,3.5714285714285747,0.7284313590846841
5,equity_077b74a3-3e50-58c2-aacb-4da6ea222da6,4.285714285714289,4.06954843806975
5,equity_09092397-d4bf-5083-ae6f-323e3c4e3493,1.7857142857142874,2.4764194033371045
5,equity_0a14ece2-c1cd-56c7-aa99-a17ab5832e4f,4.142857142857147,3.3243075080628874
5,equity_0a557cc4-0ccd-5e41-9b75-24b09b77f67e,2.214285714285716,5.112010667166544
5,equity_0bcbf61f-ddb2-5b82-91ba-a9a4497cf772,-4.642857142857145,2.182958112848017
5,equity_0c400d23-32bd-5ba3-bd4f-919ef066f41d,2.2857142857142874,10.091924433699958
5,equity_0d6f9a02-6c61-558c-91a7-934fd208266f,-0.6428571428571419,3.6126196046862264
5,equity_0dfa88b2-ae9e-57d7-b899-3c806c590a67,-5.714285714285716,1.4846149779161788
5,equity_0e372eea-b090-547a-88a2-4a7f958db812,0.5000000000000004,3.401680257083048
5,equity_0e4d472e-2931-5e69-b6cf-014d397216b0,6.571428571428577,1.6130842558051748
5,equity_0f63b301-48b4-532f-82b9-ba9989e9027f,-3.3571428571428585,2.936400684442067
5,equity_0f68a4f7-29d0-5c9a-9d20-41cc8186cddd,-2.0714285714285685,6.93556348225049
5,equity_105d190f-f458-59ac-bc32-508bcc63ac10,2.285714285714288,0.3642156795423421
5,equity_11870bd0-eb6e-503f-8036-31e3653b3c09,-9.714285714285712,5.699982098074287
5,equity_118d9bb6-18a6-57b5-bf42-8cf50aa0f133,-6.214285714285713,5.98723131134168
5,equity_13790285-b3e0-5b8c-bf39-67b451154ef2,-10.357142857142856,4.077063769380098
5,equity_158a90f9-fcd7-5b16-b706-bd529139322e,-1.5714285714285674,9.619283354018533
5,equity_1682f682-f022-5a4e-84b3-78bee1ee6e81,-0.8571428571428579,2.401105187710232
5,equity_1720b66a-42d6-5a8b-b25c-7de04a1dc20f,-9.714285714285715,8.630747123996123
5,equity_179c3802-40a8-5085-82d2-acaf9de8ff19,6.071428571428574,7.389319374362334
5,equity_17b2425d-f3ab-5bfe-809e-eafb5bdb1610,-0.49999999999999967,3.7890820599642434
5,equity_1a8294a9-a56c-53d9-934a-9cea6d9fcd3f,-8.214285714285714,2.201576429631776
5,equity_1ad229e8-98fd-538e-a91c-a7476979cda2,-5.0,6.363961030678926
5,equity_1b132012-977f-520f-bf6a-ce0626e9fcc7,0.6428571428571435,2.812145669289935
5,equity_1c813d87-88dc-564d-9504-8547b80a1cc2,0.21428571428571447,3.3791074778613948
5,equity_1d450e7c-5a19-5ef8-b105-97706fe0692c,0.571428571428571,8.829449794492826
5,equity_1e28fe98-b931-5889-9c29-a68fa35e0d77,-0.7857142857142864,3.3896601479156234
5,equity_1e351718-edfb-5dde-93d9-2219503d35d1,-1.357142857142856,4.493759845721667
5,equity_1f7d6c01-9f20-5a04-be70-9f4a9bfe3abc,-8.500000000000002,4.803272693844122
5,equity_1fefba64-281d-54b9-b11d-cf38a85ebdec,2.571428571428574,2.4411439272335826
5,equity_2370d3c3-6171-585d-9e31-237c8eb4f476,-0.571428571428572,3.8769333557462637
5,equity_238acad3-0ea8-5977-8ee3-376e689d95e2,-2.642857142857141,6.880169670428015
5,equity_2461f883-5729-5da7-b4b0-5b30c872a0a3,-7.714285714285713,7.905048761289672
5,equity_24b377f3-f43f-576b-9216-ff7e3e56e9eb,-7.64285714285714,8.10958113113427
5,equity_252124ac-772e-5038-8333-fccb619e00af,0.3571428571428575,2.7866298861615966
5,equity_253c7cbe-670a-5ab1-91a2-536080a502bf,0.6428571428571449,6.016134768355878
5,equity_26732afa-a2d8-548b-a63d-002ff608d253,-0.21428571428571283,7.180614492492683
5,equity_27870ecf-e086-54d7-8222-d855946db377,0.571428571428572,2.484646732989443
5,equity_278e7a41-fd2f-5ab1-9536-f91c9f1c1b68,3.0714285714285703,8.653771149160391
5,equity_29935658-88be-5858-aea7-62dfedfde05b,2.85714285714286,1.0926470386270264
5,equity_2d00bda5-696b-550e-b8f9-9a217be569ce,-9.499999999999998,5.934162595875319
5,equity_2d93e113-d967-5620-9994-fd0f1f510899,1.0000000000000009,1.6690459207925619
5,equity_2e754c83-3225-55c0-b13b-e386f99a8135,-3.5000000000000013,2.4053511772118186
5,equity_2f5dad67-44e3-5eca-a657-a418be6394cd,-14.0,3.1167748898959178
5,equity_2faa504c-f498-5d12-89e6-4da3e57868c5,-2.2857142857142856,4.712120714991613
5,equity_2fbd92da-2845-5333-9fa3-59e5c42f9019,-0.6428571428571435,2.6553757564915887
5,equity_3094f431-2130-5c31-bfbe-26404e229a12,-0.4999999999999981,7.497618669570077
5,equity_31110c28-e4e5-5826-8b96-51ca7f86d439,6.500000000000001,6.076888301472343
5,equity_33682f19-0654-5b05-bc70-c313647fbfd2,-0.2857142857142829,7.024737630368143
5,equity_3448ed91-1365-51d0-8e39-1bb85c70b3f8,3.2857142857142887,1.0301575072754263
5,equity_345a5311-cbb1-5f16-9080-a36da2111f3a,3.3571428571428603,0.692525693916619
5,equity_347a1ada-c576-5fdd-b126-9ab8d8857834,2.571428571428574,2.7829656769683107
5,equity_3654a634-bc57-538d-b464-792908e1125d,-0.3571428571428575,2.911973872948504
5,equity_3719e395-c0b4-56df-914f-0277e5b495d9,2.500000000000003,3.453776401067597
5,equity_3879b2c2-adeb-567a-a9df-5f196f9a4c43,-12.999999999999998,3.150963571444682
5,equity_392c79d4-9e22-5570-9f74-28022eb5b200,6.142857142857149,5.248906591678243
5,equity_396caf80-29d7-5d17-adb8-e2e1e368773e,-7.142857142857142,5.138887356744272
5,equity_3ae93f3c-eda4-5ec9-bf36-83f6dd6f0e24,0.0,2.790289283517804
5,equity_3b75a39a-268f-5c12-bc4a-4e26a649a7e1,2.2838873649431793e-15,6.21059003408119
5,equity_3dd6659c-1a88-5d87-86cc-4f05136f1d65,-3.7857142857142847,5.357619026456908
5,equity_3e4476c6-0155-587c-b886-46acd1bb8f57,2.285714285714288,3.022027971615171
5,equity_3e5cf1f0-b8fc-5e35-9ed0-b05a9be0c731,4.857142857142861,3.870347766898308
5,equity_3f12ff70-e632-584b-89ba-69d0782d9ad0,-6.357142857142856,4.7862473050717025
5,equity_3f8ad8b5-f4b0-5cb9-9c03-b91a45b1c70a,1.3571428571428583,2.6283384989963023
5,equity_41099493-8a45-5cdf-be6c-31a33eda0145,-15.142857142857142,2.310137375542318
5,equity_45c5c123-a0cb-5243-9c30-8e721b60478c,-5.000000000000001,3.1735514130747227
5,equity_45e92af8-55ef-5e9b-ac6d-cc387d5a8b26,3.0000000000000027,0.5976143046671973
5,equity_4797df45-e72a-5d2e-b96c-ace95eff18b2,3.928571428571432,4.8138829844269315
5,equity_48d8175f-6b57-55d9-8d1a-c429f551883a,7.714285714285721,2.547507785732432
5,equity_49812ec8-b303-53bb-91a7-8f6d041625cd,0.07142857142857302,3.697765458727081
5,equity_4a899291-122f-5088-bcc0-62adff9287ab,-1.1428571428571392,9.952437912801232
5,equity_4b443ba6-d413-5851-a560-431dd9491d00,-5.642857142857142,5.46883564072885
5,equity_4c034635-ef4d-5d65-9ccf-4a417b2d9972,0.21428571428571447,3.1606638414053725
5,equity_4d04858e-8f04-5ed9-986c-2ea3c1c11fff,-12.857142857142856,2.5455042401722094
5,equity_4d39e69a-a9b6-5d88-89d1-63af8648dc58,4.5714285714285765,6.321327682810744
5,equity_4fc4c899-ab92-5b30-8b40-9783260057d1,-0.5714285714285688,4.271404682207445
5,equity_52efa765-6df3-5464-a54c-3434d7d41172,-5.928571428571428,10.136315798118352
5,equity_530f1635-0f96-5265-beb4-8ad722d211c7,-0.5714285714285712,3.4685172977654264
5,equity_541d1e40-311d-537c-99cb-3ba773bef294,-8.928571428571429,6.795106282300161
5,equity_54c895f1-30a1-50d1-b87b-88a23f0db939,-0.07142857142856997,4.554656733408533
5,equity_56b28eb6-34ca-56e9-a0de-0798b00e74da,3.2857142857142887,1.190952285752363
5,equity_572a7254-f158-5cbc-b139-339cc838f991,3.785714285714289,1.7899948694488113
5,equity_5754fb9e-f00d-5188-8502-5742733222fa,-23.5,7.191264542087555
5,equity_596252ea-ae6c-57cc-8f1c-ff4f1e87d89c,-0.1428571428571422,2.6283384989963015
5,equity_5a67b993-0334-5475-9ec9-9ababb266b02,2.642857142857145,1.0594569267279528
5,equity_5c0cca8f-0cd5-513b-a290-b3e43a456679,-4.2142857142857135,5.5475679539850296
5,equity_5cec2cca-7032-522f-9f48-486b9df96e29,-6.285714285714285,5.437023495424305
5,equity_5d41cba5-6315-5c45-b43e-e3682682532e,7.500000000000007,2.8660575211055566
5,equity_5fd62c5f-2c8d-560d-9856-1153a496f443,-5.928571428571431,1.8979043222266307
5,equity_605870fb-31f5-56e1-bb3f-ff917ad68710,0.7857142857142864,2.2968478844019344
5,equity_61d2639f-a079-5015-93eb-1cbc9a373648,1.0714285714285725,4.601463830973263
5,equity_61df4ce6-6c9d-5d3d-a3a3-5484dc955671,1.5000000000000013,2.4053511772118217
5,equity_622c47d4-3114-5935-a088-084754615cf3,-3.4285714285714293,4.693677901699048
5,equity_628f5fe4-f60d-5d5d-bd82-f21429c69b5c,2.7857142857142883,0.8390957231764815
5,equity_6314f72c-8248-561a-a27a-1b44bda37fde,5.142857142857148,0.9529760045804532
5,equity_643edad1-fae0-593d-a41f-8ffef450e11f,0.714285714285715,3.1606638414053725
5,equity_6450e9e7-4c57-5c72-97d1-057751df8e53,1.42857142857143,2.498979383505131
5,equity_64670054-ae94-56a7-adec-c0b1d83b5f89,-6.6428571428571415,4.830810976831692
5,equity_66030d24-c4db-5de4-b6cd-c0c5afaa1703,-10.999999999999998,6.352727198388332
5,equity_67e7b9a6-48a8-5dd1-bbc5-db5727f74fd4,-12.857142857142856,2.7479120088101907
5,equity_6806a066-5267-5030-b741-8fd776bea2ca,-8.714285714285714,6.2727138286000415
5,equity_68ddf211-c21a-5b50-a434-fd6a8ae20a11,-11.14285714285714,5.376631219016804
5,equity_691fcac3-274c-5746-bf9e-d61e881c987b,-0.714285714285715,2.547507785732432
5,equity_6aa5515c-952b-5a96-8aa8-824095495923,-6.999999999999998,1.9820624179302282
5,equity_6b07e976-9dd0-531d-90f9-5bbbaabf1c96,-0.5714285714285697,5.506026383029077
5,equity_6b33ef2c-cd56-560f-b478-26b9ed3e1f6d,2.3571428571428608,4.830810976831692
5,equity_6c8e136c-6574-5381-abca-d8c525ace9fb,0.571428571428572,2.6244532958391216
5,equity_6e733fe0-2e3e-594f-a4c1-609f6a481299,-0.7142857142857134,4.839252767415522
5,equity_6ea61a87-9d2f-5892-8152-c802de2f6d23,3.3571428571428603,0.692525693916619
5,equity_6f455cc1-fa98-5ef5-8e6e-dbabed0ea6a1,-7.571428571428569,8.453353398117779
5,equity_6f6d0be0-524d-52a8-bb11-f60b25a783a8,-2.85714285714286,2.294625486315575
5,equity_73187115-a770-5035-8203-59b70077611f,2.3571428571428594,2.7086407465512226
5,equity_739cdc9f-d524-52db-ad09-5d7c5f3b8334,-7.285714285714287,3.103651568914346
5,equity_73a29d7a-0803-5db8-ad83-65732918f5f9,9.642857142857142,11.478907009051383
5,equity_73c23c4e-25e5-561a-9886-64d92976357e,1.42857142857143,4.0304959941902565
5,equity_73fd14fb-d2e2-59fd-a5e4-45499d17e077,2.7857142857142883,0.8390957231764815
5,equity_7510cc5f-de04-5514-a13c-8cc5bc6b4d3a,5.642857142857148,4.0770637693801
5,equity_75138a92-ae17-5eef-aa64-afc8372299bb,6.928571428571435,3.3212365535893373
5,equity_75ae4da5-3238-5400-93cc-d8f0bb660019,0.8571428571428579,2.5172871695294443
5,equity_7638e22b-6c30-523c-9d32-68a94a074a36,-0.5714285714285712,3.8861344310672727
5,equity_7672b425-c92b-5d8a-81ab-c60724a958d0,0.2857142857142874,4.764880022902264
5,equity_778b2c1d-426a-5fff-9eda-198e013bd945,-2.785714285714285,4.10450225673104
5,equity_77a8f069-8c05-523b-aa70-b39a8942b1c1,-2.7142857142857153,3.5642785571070434
5,equity_7845e72e-ee7b-570c-b9c1-606234f64a58,1.0000000000000009,2.964070560178064
5,equity_78949a37-2de6-5bab-a465-05a33a4f8eaa,-2.4285714285714293,3.2996598464145994
5,equity_789b8a92-7cca-5c0b-bf76-5192d283804a,-1.9285714285714288,3.569999714171372
5,equity_7976a2f1-8279-537d-85d6-05e2d4f65ebf,1.428571428571429,8.957951660909076
5,equity_7a450250-b41b-5c37-992e-3abb7b5c8b66,6.571428571428577,2.555506259999762
5,equity_7ac51593-a969-54db-9992-83d7c56094d8,-6.857142857142856,7.154989696080659
5,equity_7b5c3d6c-cf15-5fe4-99d4-cd6ecb8c53f2,-3.1428571428571455,2.7479120088101947
5,equity_7c3deb24-9789-551f-b5eb-e932aeabaf83,-2.3571428571428594,3.3881546358946952
5,equity_7cd4c68a-b632-5182-b1d1-52e55c3a2df3,-8.857142857142856,4.155154163499712
5,equity_7d4bc152-96eb-5872-be67-303e3002a0fa,2.7857142857142883,2.388321928185786
5,equity_7e48cabb-84f7-5887-a4f5-4bf0071d6671,-2.4285714285714293,3.922722919355995
5,equity_7e794ba4-ddfc-5658-bb39-22c0050f665f,2.5000000000000036,5.168586432893013
5,equity_7e8a395b-3e8d-5baf-90d4-19f11971fe98,-12.071428571428571,4.90210283907814
5,equity_7ef22304-346b-5d5b-abea-92d0948ebc01,-0.42857142857142894,1.8598880808987928
5,equity_7f48b162-c593-5c99-9fef-da5149a75292,-4.142857142857142,3.8425650446607906
5,equity_7fd7261d-ec71-54a2-b468-3a3e693e788e,0.0,2.577374078952676
5,equity_7feda97e-a991-555f-ad42-7f3dce5dbc6d,2.3571428571428594,3.786388080199595
5,equity_80fd811f-6852-5205-a17a-a955c166c782,8.857142857142858,8.257958437230133
5,equity_824befe3-bb5e-5471-bf51-57eae9d98338,-1.2142857142857146,3.2934691095424315
5,equity_82bc9fbc-ce8f-59b9-b3a7-a7d44160648e,-1.142857142857144,2.960625968008961
5,equity_83afc793-0f34-5ad0-a25c-b442882abd4d,2.8571428571428585,8.270922757788643
5,equity_843671cc-b0af-525e-a5ab-cc822260c2cf,-4.928571428571426,7.301802964378885
5,equity_84fa1055-5544-5b95-ab2c-1dcbae92f9ab,0.6428571428571449,4.3647474621291975
5,equity_8575df20-9c5a-5044-bb52-0e0b3ecc9d93,-8.357142857142858,12.397333485512938
5,equity_85f9f80c-2913-5bac-816a-0b9ad6226c1f,2.3571428571428594,5.145832472665112
5,equity_86024f0f-e3ec-533a-b886-0101ce4c3a73,2.0000000000000018,2.6322179675268993
5,equity_8694f05d-78cc-5277-a0e6-9022d3d7c957,-0.571428571428572,2.6244532958391216
5,equity_87cf683d-e37f-57df-b1b2-bcd2c0441706,-3.0714285714285725,3.0987159947834093
5,equity_8aaa753b-c33b-5de3-844e-8fbb5f9bcf9b,1.0000000000000009,2.790289283517804
5,equity_8cbb4c49-1386-50fd-a376-15b8fdea049e,0.285714285714286,3.0455722293325516
5,equity_8d479f24-2700-5d8e-8044-863adac4ce72,-8.42857142857143,4.021625217216928
5,equity_8ec54a63-98e4-5c76-ab93-11b94e6c512a,-7.642857142857141,9.050312882177398
5,equity_8ee33a0b-8237-5e0f-8f86-bebb652d100b,0.0714285714285715,3.052265802745931
5,equity_8f5a7279-ad52-55b0-8af2-9ce67e12e352,-1.9285714285714288,4.872873685945869
5,equity_8f98da24-43f5-5f39-8967-e694f92167a2,1.7142857142857157,2.710523708715756
5,equity_90606491-6d1d-54e4-989e-78da2d2dbfa6,-0.8571428571428579,2.799416848895063
5,equity_908738df-2761-5dd3-a0fa-299f90d5f90d,0.42857142857142894,3.299659846414602
5,equity_934a894c-c3d4-520a-8487-202b920c7091,5.428571428571433,3.6589281356759167
5,equity_943926b7-ed6b-5754-9734-ed3184f76b20,-16.571428571428573,6.774050125444956
5,equity_974e2550-0928-5297-b3d9-f09b22edd483,-4.071428571428569,8.47866470041367
5,equity_9801ad6a-4e84-5585-8161-d7280773a175,-13.142857142857144,1.8653664081715136
5,equity_9a83d7ac-5850-53a4-9808-9d6642c4dea4,-13.571428571428573,1.8979043222266316
5,equity_9bcb5738-6092-5a90-83b0-28f2be8172b2,-3.4999999999999987,6.158617655657108
5,equity_9cd62830-89b7-54d4-9564-0db09c41382b,4.357142857142861,4.649994513931374
5,equity_9d99e626-9bd8-5d26-b4f7-a12e5b614da1,6.428571428571429,6.816097393191307
5,equity_a18945ae-e7c6-55d7-bfc3-74438183e6a1,2.285714285714288,0.9948848769417237
5,equity_a20ab55e-afdf-5659-b70c-b18a9649084c,-1.2142857142857122,8.348897030904928
5,equity_a25c1820-1202-5e7e-ad50-18d2166d84c3,-1.5714285714285727,2.1946130708196043
5,equity_a39349b4-eef3-5fc5-a95f-28f1263df064,2.1428571428571472,5.724098717042623
5,equity_a4365669-74e8-56ca-8bd7-7e859da99f6c,0.9285714285714294,1.521948268047324
5,equity_a848a16a-f190-5ccf-a351-a1fcb6863362,-3.6428571428571415,4.61143211187685
5,equity_a9221840-c0bb-525f-8819-1aa170c238f3,0.285714285714286,2.7756227468179238
5,equity_a964efa7-7086-574b-a34a-52efb58a688d,-4.428571428571427,4.475557199377297
5,equity_a9857ed6-131b-5672-9d7c-3f8dd9c70966,5.928571428571434,2.33648960482802
5,equity_aa668713-ba4d-5567-abd7-7b2dc58c3924,-1.6428571428571404,7.064570989473186
5,equity_ab48b1a2-e6f0-57d6-bac6-8b9ab8c9ab4f,-1.142857142857144,2.1165046271470094
5,equity_ac0356e5-8b2f-56a5-a533-384ef6afd627,-8.285714285714285,3.6922422809485957
5,equity_ac3e6235-70fa-509a-9137-88ef0f3b9a1e,-0.8571428571428564,4.041872671655746
5,equity_adabd7e7-9fd9-567d-bfa5-7cf913708058,1.642857142857146,5.507879328187717
5,equity_af158cfc-ef4f-5242-a211-aee6176cf17b,-4.57142857142857,5.784391383150815
5,equity_aff2387b-9d08-5e40-8737-a5d658baf07c,-0.21428571428571447,3.5239703952982917
5,equity_b0e4649c-7804-5ca2-899d-98a3301ffd3d,6.928571428571435,2.3057160559384267
5,equity_b1302ac2-6b39-559e-99c3-a49b1bff7da0,-2.642857142857145,2.760878298583958
5,equity_b1cfd539-bee5-5378-9a1b-c4d7090e3a6d,-2.1428571428571432,5.019350311645963
5,equity_b2ffb1ea-cbc8-5b19-94e4-36a45b603f2f,-11.642857142857142,2.4306713610247956
5,equity_b3373c42-3686-5901-b0e6-692fc09a5748,-2.0714285714285703,11.079029648808765
5,equity_b5649eae-cacd-5a55-b622-d2acb17d1247,2.85714285714286,2.6010202080047344
5,equity_b571d0a3-1231-5868-8c7f-c28d2a52406d,4.214285714285718,4.051958458195099
5,equity_b5a5aa00-131e-545a-a75f-b3b4c341ef4d,4.714285714285719,0.6468132241526733
5,equity_b5f4e368-91bd-55bb-966e-5e9f31b8ab8d,0.571428571428572,2.555506259999762
5,equity_b621314e-bf12-5462-ae24-4f3c48c5ed34,-7.928571428571429,7.002186247515698
5,equity_b6781778-e97a-5d24-afb4-f7465b6a9321,1.3571428571428568,9.534577246281351
5,equity_b6b4920e-ce4f-5c63-99b7-2ef66f4b8123,8.571428571428573,5.341405455954257
5,equity_b76ae7ab-9aeb-5804-9526-48f3fe46db1a,-6.857142857142858,5.166611805721464
5,equity_ba12ea48-84e6-5905-9adb-4b8ed803cd70,-7.071428571428572,5.440775755012013
5,equity_ba78192b-6157-57ba-9a89-664f6ad5d2a4,3.2857142857142887,2.2968478844019344
5,equity_bd1883b4-abac-5d18-b097-acf25f2fdcf8,1.0714285714285723,3.3426739876564575
5,equity_bdad71da-994f-5fe7-bb1b-f99ddc7a4cbc,1.5714285714285727,2.7180425129200665
5,equity_becdb741-0d31-5f88-8b00-de8d5e4d4e7e,-9.785714285714285,3.908389720086988
5,equity_c3269539-01b8-5845-8971-363e7e618c20,0.571428571428572,2.9571773634977814
5,equity_c366a36d-4779-51ec-81a1-55b836c27cf6,9.785714285714294,1.8098370656171328
5,equity_c3de33a2-667e-51c8-9376-b9ab39fbbca0,3.7142857142857175,1.385051387833238
5,equity_c68ee739-d4dd-5667-8a6f-13192ed7a6cc,3.9285714285714337,8.342783757015797
5,equity_c864ecb9-9c8f-51c3-908b-f06268302528,2.642857142857145,3.7484690752576966
5,equity_c98b03ab-c85e-5bc0-8555-96e6249733e7,0.8571428571428621,8.596985708101773
5,equity_c9a7904f-50b6-57be-a2ec-7c50f3162c70,-4.428571428571428,3.245090483314442
5,equity_cb34a8e2-2d14-5a05-851c-a3de26c82e84,-8.214285714285715,9.14118288241713
5,equity_cdc413d2-1e92-5151-9d6b-1cbb7c013976,3.642857142857143,9.268665668007781
5,equity_ce52977e-d094-577a-b8ce-6d4a33b46832,2.7857142857142896,6.011044257134073
5,equity_cf11e8df-1714-520f-a1e9-cfaa0439b486,-2.214285714285713,7.080441586597868
5,equity_cfe51880-dd08-5db8-9534-d55ddcbb8a18,3.500000000000003,3.082207001484491
5,equity_d0e52831-27bf-5496-8ea8-205972891f93,6.0000000000000036,6.7875937246883415
5,equity_d0e6c420-61a9-5220-9575-e2d844908589,2.3571428571428594,3.090472521826279
5,equity_d2c1c051-e118-590b-b120-7ae9b496652e,-1.7142857142857157,2.358224859888456
5,equity_d3232e9c-432e-5a27-a286-7ab5401f97b9,-5.428571428571429,6.184245949118102
5,equity_d4d6e071-ca11-593f-b0aa-ca765fa9a008,4.857142857142861,1.0926470386270262
5,equity_d573891f-97f3-5a8e-8b19-5db704eef9c9,3.214285714285717,0.8390957231764815
5,equity_d62d0544-c7ef-5aac-89a3-9c2c26cb704d,-3.857142857142857,11.743430642929948
5,equity_d8c098bb-8cd8-5dc4-a9b4-cba2074b110d,-4.357142857142858,4.904183969649107
5,equity_da8712ca-addc-5ecc-b8fd-9c54f75c71f6,3.7142857142857175,3.9987242863652623
5,equity_db3796fa-dbad-5c17-8c00-563cc1f2da1b,2.7857142857142883,2.432769480846631
5,equity_db49741d-aa9e-525e-92e4-4b0b4f0bda19,-3.3571428571428585,3.3350335799796444
5,equity_db63c64a-5406-5b81-9b96-959ac4a9962b,0.6428571428571435,3.552808604413114
5,equity_db854dfc-1804-5019-afe5-223ef5e047fd,-1.8571428571428572,3.1815796359028696
5,equity_db8be0ab-5c67-5565-ad17-12673dfde07e,-15.714285714285714,12.351567693608613
5,equity_dcbb9c53-9bbd-5014-b7df-2706e84c7bb6,-4.285714285714286,4.299976269512119
5,equity_de594ded-d268-5e4f-99b8-1012df045ef0,-9.857142857142858,4.397355420463252
5,equity_de703932-c64c-5c0f-b762-64317187ac78,1.5714285714285727,1.7814234161914195
5,equity_e012cdce-768d-50c7-bb25-1ff8a901546c,-3.2142857142857157,2.9259570211805777
5,equity_e0bdec68-aad4-5c66-9fcb-b4d41ec73ce9,4.642857142857147,2.1992577597629523
5,equity_e0d28302-0a41-5c80-9674-41f8e243b826,-1.4285714285714284,3.6196741312342655
5,equity_e0efbf2a-5587-5503-9a92-3cbe966529f9,2.285714285714289,5.743674426564181
5,equity_e0fcc553-0791-5581-a0f1-e1a1e5f92964,5.714285714285719,1.6003826073148644
5,equity_e159b6d2-aa08-54db-9484-af8443d74188,3.35714285714286,3.1249489791753398
5,equity_e1b1eb2c-cfa4-53b8-a488-5ca014963414,4.642857142857149,5.2828177391716
5,equity_e2379ea8-6a57-5013-be82-8037aafa519d,1.7142857142857166,2.8139593719417455
5,equity_e33a8f41-3166-50cb-a503-35881a40f87b,0.21428571428571447,3.63374209770769
5,equity_e3473b64-4b40-506c-a5e7-445ee72d4337,-2.714285714285712,5.92728041020707
5,equity_e3d28f87-c787-5305-999f-1389f1a9896b,-2.571428571428574,2.396851676508933
5,equity_e575933a-1490-5bf1-9c5e-635db20b4cac,0.4285714285714305,7.148569144683892
5,equity_e75be6eb-3561-558b-b260-c205c7e9c60f,-1.1428571428571423,4.146550078199999
5,equity_ea8243e7-75bd-549b-9ba6-48e03cf982c1,-3.0714285714285743,1.9897697538834473
5,equity_eaa52f1c-7299-50e8-b69f-30df278129a4,1.0000000000000009,3.5050983275386596
5,equity_eb217683-f803-5b98-a357-173c21d56906,-2.857142857142855,6.900902041008253
5,equity_eb4ca0eb-3900-5be1-a809-c716b40fb10f,-4.071428571428573,4.337778985911137
5,equity_ebfcc30f-5a6c-5d5c-996d-b631de989d6a,-11.0,5.934162595875321
5,equity_ec5a39fc-469a-5803-8c4d-1bdfda159876,-1.1428571428571408,5.859755514855339
5,equity_ef82c5fa-7d9d-5bd9-8f1f-fde52e1a388b,-0.0714285714285715,3.5699997141713746
5,equity_efaee6b2-dc0f-5b4f-bbfe-e46fdcfc1620,4.0000000000000036,0.5345224838248492
5,equity_f02e8014-abbb-5a08-bf80-45a174fe3225,1.9285714285714304,4.329537845911929
5,equity_f07d8826-7230-57a5-888a-89479eb31540,3.214285714285717,3.3365630611790493
5,equity_f249c87d-ad66-57a1-8949-95dca1a352ba,6.9285714285714315,7.321341462896436
5,equity_f39e281c-e020-5a97-94c9-8352f25a09f5,-0.6428571428571427,4.649994513931373
5,equity_f477aeb1-d055-5f26-8265-e641f050b330,-9.500000000000002,7.025463889106743
5,equity_f648ef52-5189-5867-bc50-d2a5d643523c,-7.285714285714284,4.861342722049588
5,equity_f71be61b-f2c9-5c76-8d38-441026d9f9c6,-3.3571428571428554,8.153501814357726
5,equity_f74bd52b-080c-5f81-a102-ae37e1a87727,-11.214285714285714,8.493094433787048
5,equity_f990a311-cb32-5507-944e-641f3c16e0d8,-3.4285714285714284,4.346004498621789
5,equity_fa46c8b3-24ec-594c-b682-1f81d7c0a065,4.0000000000000036,1.3093073414159555
5,equity_fa617ef7-a4e9-580e-9819-2f5f6468c0dd,4.857142857142861,2.6010202080047344
5,equity_faaeb60e-64f7-5b37-a928-b84ab0c117ed,3.2857142857142887,10.769855891253483
5,equity_faef6935-60d0-576b-bacb-cf1cafea5c70,0.21428571428571422,8.543406575738235
5,equity_fb74255e-7cd4-55af-9674-c7db208f3b91,-3.285714285714287,3.11513749819379
5,equity_fc633f29-09e3-5814-a9d1-7b1ce0913f78,2.428571428571432,6.020373573058711
5,equity_fca62f3b-28a6-5ba6-904a-dd5aec4bc8d9,-8.07142857142857,7.4948962226141
5,forex_0b0cf1ef-37c5-589b-a69c-25a149b2d8df,4.0000000000000036,1.336306209562123
5,forex_1167a44f-4357-5097-8020-e497a9853e58,-2.4285714285714306,0.7284313590846841
5,forex_2342923a-24bd-5471-ae8a-196c3461c879,-2.0714285714285734,2.2269224668742726
5,forex_2fffbd8b-d4ab-5b55-80d1-274dde6b2f5a,-0.3571428571428575,2.7217941261796668
5,forex_e6c66c0e-87f1-548c-90da-44ce67af00fa,1.0000000000000009,1.3887301496588285
5,fund_4ab9727e-1ded-52a1-aa4a-8c33219460d0,-3.142857142857143,5.214774928126853
5,fund_87ebbf0a-2dbc-5747-b0ed-76b37a915d74,-5.785714285714284,15.84265747652102
5,fund_99b9d918-5e65-59fc-a559-752a7db77ca7,-5.8571428571428585,1.3286482312670174
5,fund_dd32d893-f4fa-5c0b-90eb-7bb45c79b13d,-2.3571428571428577,3.078894580321758
6,commodity_35be58ef-7f43-54c9-a726-3c869a214507,1.285714285714287,3.6435573556733885
6,commodity_5d2f8d54-096c-5b83-9b66-d23b0bc56ed6,-0.9285714285714278,3.5094624275823563
6,commodity_7ea082a2-41ea-5733-9761-0157cf429e73,0.5000000000000012,3.7225183487986837
6,commodity_adba51c0-cb27-5e9c-9eb8-e1439f97a611,-1.6428571428571435,3.450820665480334
6,commodity_cf82679d-9e97-5e15-8ece-d56e52101f06,-7.7857142857142865,2.0677306894471594
6,crypto_2d8162a4-e9a6-5222-8b4f-1d7c0e7e2ec7,1.571428571428572,10.054951059867301
6,crypto_34b4b2bc-b87f-599d-9da7-9481701f3195,-1.0714285714285694,3.6491542212699444
6,crypto_58845559-7ee4-5f2b-a67e-d8b9bf506485,4.928571428571433,1.9717391059774676
6,crypto_5f84e890-c8ae-58db-aecb-2430a8d8c6c4,-8.571428571428571,2.5970941375282637
6,crypto_8f824f2d-c67f-55e7-8124-aa113059635d,0.6428571428571457,9.360686351950477
6,crypto_92c1b64e-7e9b-5096-b017-1c169d9493f5,-0.21428571428571289,7.800444780620542
6,crypto_9638a395-fafb-59e1-b218-57b9190d49cc,11.214285714285712,3.9897828696482662
6,crypto_a34bddab-6dac-558c-beff-c31f36d29a1e,1.7857142857142865,9.628295884145492
6,crypto_a9b10098-59c9-53b1-9f07-07f541ac340d,-3.2142857142857135,4.4869425070112605
6,crypto_afb25ca6-7aa1-5e99-9255-66dfd353d3a1,-11.35714285714286,4.197910072832888
6,crypto_b43c276e-3732-5b6a-bca6-0a1334805833,1.0714285714285683,12.093175677181888
6,crypto_c3f57103-e653-5c16-a919-d37c3a9a877d,0.2857142857142859,9.531366049812073
6,crypto_cf03c817-33e8-5833-9ec5-c49d96f01e6d,-2.285714285714287,6.93777003519319
6,crypto_d714183b-e023-5e80-854f-28ade5b29cc4,-6.785714285714287,11.676769192525393
6,equity_00879a02-14cb-52c5-be0d-4857fbc0f4e1,3.2142857142857113,12.252863055679047
6,equity_013d2cbc-1a8a-5434-a2ad-8d6d943eb036,2.0000000000000018,1.0690449676496985
6,equity_0172839b-35e4-5ffa-8e68-078f79726ed3,1.9285714285714262,10.691881337286352
6,equity_01920302-d04b-570e-9f7d-dc0803f279d5,-5.571428571428572,6.710485246604598
6,equity_02d1387b-9087-533d-831f-41b2b68b9a61,2.7857142857142896,5.423870144734181
6,equity_0303151a-ce6c-5dec-9dcc-07fc57c0714d,-2.85714285714286,1.7261494247992262
6,equity_04a23db8-2e99-574a-9503-5df65650e440,3.785714285714289,0.6468132241526732
6,equity_0579a633-c87b-5164-baf2-d61c68124a89,0.8571428571428579,2.4159335036125396
6,equity_07594782-05db-5559-81f8-4d51d3d3c392,1.0000000000000009,2.915475947422653
6,equity_077b74a3-3e50-58c2-aacb-4da6ea222da6,3.785714285714289,1.961361459677999
6,equity_09092397-d4bf-5083-ae6f-323e3c4e3493,0.0,2.577374078952676
6,equity_0a14ece2-c1cd-56c7-aa99-a17ab5832e4f,1.7142857142857189,7.740695533796613
6,equity_0a557cc4-0ccd-5e41-9b75-24b09b77f67e,8.571428571428578,3.8584653817341477
6,equity_0bcbf61f-ddb2-5b82-91ba-a9a4497cf772,-2.3571428571428594,2.4011051877102325
6,equity_0c400d23-32bd-5ba3-bd4f-919ef066f41d,-0.7857142857142834,5.999149599598876
6,equity_0d6f9a02-6c61-558c-91a7-934fd208266f,0.0714285714285715,2.7571798665169713
6,equity_0dfa88b2-ae9e-57d7-b899-3c806c590a67,-5.642857142857144,6.237640841320229
6,equity_0e372eea-b090-547a-88a2-4a7f958db812,2.3571428571428594,1.551825784457175
6,equity_0e4d472e-2931-5e69-b6cf-014d397216b0,2.642857142857145,3.0084913840932437
6,equity_0eb93e16-78cb-5cc6-b3e1-cc34fe1ec52e,0.142857142857143,2.9485382057929015
6,equity_0ecf41f4-6e14-54d0-a24f-d9a1c1a58c68,-3.499999999999999,7.497618669570075
6,equity_0f63b301-48b4-532f-82b9-ba9989e9027f,6.0714285714285765,4.021625217216932
6,equity_0f68a4f7-29d0-5c9a-9d20-41cc8186cddd,-1.2857142857142836,7.689775878478158
6,equity_105d190f-f458-59ac-bc32-508bcc63ac10,1.285714285714287,1.7699302419091254
6,equity_113fed74-a09d-5aee-9fa5-b2986a584264,-5.428571428571427,9.570895507544035
6,equity_11870bd0-eb6e-503f-8036-31e3653b3c09,-5.642857142857143,4.556896545067594
6,equity_118d9bb6-18a6-57b5-bf42-8cf50aa0f133,-7.0,9.338858908575808
6,equity_13790285-b3e0-5b8c-bf39-67b451154ef2,-6.571428571428569,9.663734014450151
6,equity_158a90f9-fcd7-5b16-b706-bd529139322e,-5.428571428571427,8.616547914285844
6,equity_1682f682-f022-5a4e-84b3-78bee1ee6e81,-1.42857142857143,1.678191446352963
6,equity_1720b66a-42d6-5a8b-b25c-7de04a1dc20f,-5.071428571428572,4.021625217216929
6,equity_179c3802-40a8-5085-82d2-acaf9de8ff19,6.21428571428572,3.9357078039874067
6,equity_17b2425d-f3ab-5bfe-809e-eafb5bdb1610,3.0000000000000027,1.8708286933869722
6,equity_1a1e0028-e2e1-5345-9b27-ecdf50e140e3,-8.571428571428571,11.558634902804336
6,equity_1a8294a9-a56c-53d9-934a-9cea6d9fcd3f,-8.357142857142858,2.960625968008958
6,equity_1ad229e8-98fd-538e-a91c-a7476979cda2,-5.214285714285715,3.70190243424284
6,equity_1b132012-977f-520f-bf6a-ce0626e9fcc7,0.571428571428572,4.056991948903697
6,equity_1c813d87-88dc-564d-9504-8547b80a1cc2,1.42857142857143,3.5799897388976225
6,equity_1d450e7c-5a19-5ef8-b105-97706fe0692c,5.642857142857147,6.890543653205797
6,equity_1de07560-60a7-5236-8a78-c544542807fa,-2.3571428571428577,4.413569058792976
6,equity_1e28fe98-b931-5889-9c29-a68fa35e0d77,1.6494742080145183e-15,6.798108980759705
6,equity_1e351718-edfb-5dde-93d9-2219503d35d1,1.3571428571428592,3.450820665480334
6,equity_1f7d6c01-9f20-5a04-be70-9f4a9bfe3abc,-7.0,3.3058389901160368
6,equity_1fc2e21a-fc19-5705-bd95-b46201595d36,-8.928571428571427,11.567900696782122
6,equity_1fefba64-281d-54b9-b11d-cf38a85ebdec,1.0714285714285738,5.978703702240453
6,equity_21381989-d6f7-5f5e-a316-4ab9600ebdb7,4.714285714285719,1.5779087167410386
6,equity_2370d3c3-6171-585d-9e31-237c8eb4f476,-2.3571428571428577,4.619170346921357
6,equity_238acad3-0ea8-5977-8ee3-376e689d95e2,-2.214285714285713,7.638516791597059
6,equity_241af43b-c97d-5f75-8fbf-8a8533374580,8.000000000000007,2.890872334978297
6,equity_2461f883-5729-5da7-b4b0-5b30c872a0a3,2.5714285714285725,9.674814769096438
6,equity_24b377f3-f43f-576b-9216-ff7e3e56e9eb,-4.571428571428572,8.649643144697485
6,equity_252124ac-772e-5038-8333-fccb619e00af,3.0000000000000027,3.3487737627803007
6,equity_253c7cbe-670a-5ab1-91a2-536080a502bf,6.428571428571434,3.783692182328297
6,equity_26732afa-a2d8-548b-a63d-002ff608d253,-3.8571428571428577,3.5927932399883686
6,equity_26bcc074-f39a-56a6-9bba-b407ccae53c7,-4.642857142857141,7.429258210011309
6,equity_27870ecf-e086-54d7-8222-d855946db377,0.500000000000002,3.7129118338191502
6,equity_278e7a41-fd2f-5ab1-9536-f91c9f1c1b68,4.0,9.399848023087543
6,equity_289f5bc0-2938-5590-9cce-b75e748f2cd3,5.928571428571434,3.678398054166784
6,equity_28cec7aa-7fb5-58c2-a279-375b7b0fc205,1.285714285714287,4.034291784697986
6,equity_297d8cd4-4492-52d5-93d2-ffa7075c2176,3.5000000000000018,13.721724173212136
6,equity_29935658-88be-5858-aea7-62dfedfde05b,3.0000000000000027,0.7071067811865481
6,equity_2bd88d74-af34-5d18-ad54-cb29ec0005d9,0.6428571428571435,2.5172871695294443
6,equity_2c8f0561-aa8b-55dc-b149-a28e30e34b73,-1.6428571428571426,6.271900405290056
6,equity_2d00bda5-696b-550e-b8f9-9a217be569ce,-11.785714285714286,3.6239002554188082
6,equity_2d93e113-d967-5620-9994-fd0f1f510899,1.0714285714285723,1.7814234161914195
6,equity_2e754c83-3225-55c0-b13b-e386f99a8135,-3.3571428571428594,3.147723505218674
6,equity_2f5dad67-44e3-5eca-a657-a418be6394cd,-11.357142857142856,2.1165046271470094
6,equity_2faa504c-f498-5d12-89e6-4da3e57868c5,-1.999999999999998,6.676183683170243
6,equity_2fbd92da-2845-5333-9fa3-59e5c42f9019,2.3571428571428594,3.1249489791753398
6,equity_3094f431-2130-5c31-bfbe-26404e229a12,-4.214285714285711,11.173492684720847
6,equity_31110c28-e4e5-5826-8b96-51ca7f86d439,13.214285714285712,4.883332752896341
6,equity_33682f19-0654-5b05-bc70-c313647fbfd2,4.000000000000002,7.782764841072135
6,equity_3448ed91-1365-51d0-8e39-1bb85c70b3f8,3.785714285714289,0.3642156795423421
6,equity_345a5311-cbb1-5f16-9080-a36da2111f3a,4.642857142857147,1.528638182788051
6,equity_347a1ada-c576-5fdd-b126-9ab8d8857834,4.642857142857147,1.8653664081715153
6,equity_3654a634-bc57-538d-b464-792908e1125d,1.7857142857142874,2.101991281366025
6,equity_3719e395-c0b4-56df-914f-0277e5b495d9,2.642857142857145,2.263282788250696
6,equity_3879b2c2-adeb-567a-a9df-5f196f9a4c43,-8.07142857142857,8.566665343179976
6,equity_392c79d4-9e22-5570-9f74-28022eb5b200,4.928571428571433,3.7647668437441286
6,equity_396caf80-29d7-5d17-adb8-e2e1e368773e,-11.714285714285714,3.3258419219493747
6,equity_3a9fecbb-2fa3-50ba-ab14-06d206ad3cbb,-2.571428571428572,3.3319725113401724
6,equity_3ae93f3c-eda4-5ec9-bf36-83f6dd6f0e24,-0.3571428571428575,2.488750198597766
6,equity_3b75a39a-268f-5c12-bc4a-4e26a649a7e1,-0.4285714285714266,5.5189839348805325
6,equity_3dd6659c-1a88-5d87-86cc-4f05136f1d65,1.3571428571428565,7.234413223881916
6,equity_3e15e918-231b-5f15-b0c0-7e8a4ab742d4,3.2857142857142887,0.6998542122237658
6,equity_3e4476c6-0155-587c-b886-46acd1bb8f57,3.500000000000003,0.9636241116594323
6,equity_3e5cf1f0-b8fc-5e35-9ed0-b05a9be0c731,5.214285714285719,5.1259643194311915
6,equity_3e8c23d9-2520-561d-9869-ef8f0f4d619e,-7.785714285714286,5.891017028718647
6,equity_3ed5998a-59fd-53b0-a4f4-bc8470ba84d4,-17.571428571428573,17.383137501261245
6,equity_3f12ff70-e632-584b-89ba-69d0782d9ad0,0.8571428571428579,3.9795395077668947
6,equity_3f8ad8b5-f4b0-5cb9-9c03-b91a45b1c70a,1.142857142857144,2.2154374884672623
6,equity_41099493-8a45-5cdf-be6c-31a33eda0145,-13.285714285714285,6.7710367578023245
6,equity_423118de-14b5-5c35-bf46-f4b456161668,1.2142857142857153,3.216665785485061
6,equity_4278512d-ae80-57cf-96af-bf9d5cf8590e,-1.6428571428571412,6.599319692829201
6,equity_45c5c123-a0cb-5243-9c30-8e721b60478c,-2.9999999999999996,4.956957592256422
6,equity_45e92af8-55ef-5e9b-ac6d-cc387d5a8b26,2.214285714285716,1.7899948694488113
6,equity_4797df45-e72a-5d2e-b96c-ace95eff18b2,7.357142857142864,3.2592098704428127
6,equity_48d8175f-6b57-55d9-8d1a-c429f551883a,-0.07142857142856997,5.440775755012013
6,equity_49812ec8-b303-53bb-91a7-8f6d041625cd,0.6428571428571435,2.960625968008961
6,equity_4a899291-122f-5088-bcc0-62adff9287ab,-6.357142857142856,7.605046659546383
6,equity_4b443ba6-d413-5851-a560-431dd9491d00,2.4285714285714315,2.9084675816431913
6,equity_4c034635-ef4d-5d65-9ccf-4a417b2d9972,-2.5000000000000004,4.026696625558688
6,equity_4d04858e-8f04-5ed9-986c-2ea3c1c11fff,-10.357142857142858,3.0084913840932415
6,equity_4d39e69a-a9b6-5d88-89d1-63af8648dc58,8.357142857142861,4.8160022374393066
6,equity_4fc4c899-ab92-5b30-8b40-9783260057d1,-1.3571428571428552,5.255706325470616
6,equity_503271a8-06cb-5972-a876-b2b1793abc9c,6.357142857142862,7.6144331264208205
6,equity_522c048e-32e2-5d83-8949-2ce0a2e8bbab,5.928571428571427,13.41754866750622
6,equity_52efa765-6df3-5464-a54c-3434d7d41172,-8.357142857142858,11.150638308808944
6,equity_530f1635-0f96-5265-beb4-8ad722d211c7,-0.21428571428571294,3.9808213694550787
6,equity_541d1e40-311d-537c-99cb-3ba773bef294,-11.285714285714285,5.554002050369644
6,equity_54c895f1-30a1-50d1-b87b-88a23f0db939,-0.2857142857142844,4.794767556239548
6,equity_55b13a19-f596-5d01-addd-94c29b3953c9,3.5,5.922113522335464
6,equity_56b28eb6-34ca-56e9-a0de-0798b00e74da,1.9285714285714304,2.8338334892681987
6,equity_572a7254-f158-5cbc-b139-339cc838f991,7.571428571428575,3.9948947011741587
6,equity_5754fb9e-f00d-5188-8502-5742733222fa,-22.857142857142854,5.792324266489513
6,equity_596252ea-ae6c-57cc-8f1c-ff4f1e87d89c,-2.3571428571428577,4.180860179046258
6,equity_5a67b993-0334-5475-9ec9-9ababb266b02,2.500000000000002,0.7071067811865481
6,equity_5b81b0a3-3ccd-5ea0-9f2b-47d3c5e6b90c,-1.785714285714284,7.708331035116409
6,equity_5c0cca8f-0cd5-513b-a290-b3e43a456679,-3.785714285714286,5.605208947660988
6,equity_5cec2cca-7032-522f-9f48-486b9df96e29,-5.714285714285716,4.034291784697982
6,equity_5d41cba5-6315-5c45-b43e-e3682682532e,6.000000000000005,4.131758532565596
6,equity_5fd62c5f-2c8d-560d-9856-1153a496f443,-5.214285714285716,3.2934691095424293
6,equity_605870fb-31f5-56e1-bb3f-ff917ad68710,0.142857142857143,2.1665358411575877
6,equity_61d2639f-a079-5015-93eb-1cbc9a373648,0.2857142857142875,3.7782946158394837
6,equity_61df4ce6-6c9d-5d3d-a3a3-5484dc955671,2.0714285714285734,4.169862719807553
6,equity_622c47d4-3114-5935-a088-084754615cf3,4.142857142857147,2.849991049037146
6,equity_628f5fe4-f60d-5d5d-bd82-f21429c69b5c,1.6428571428571443,2.0127146862293404
6,equity_6314f72c-8248-561a-a27a-1b44bda37fde,3.0714285714285743,2.381904571504726
6,equity_643edad1-fae0-593d-a41f-8ffef450e11f,3.2857142857142887,1.484614977916182
6,equity_6450e9e7-4c57-5c72-97d1-057751df8e53,-1.1428571428571423,3.748469075257694
6,equity_64670054-ae94-56a7-adec-c0b1d83b5f89,-6.642857142857143,3.3027508633419678
6,equity_64acd6c6-cf2a-5efe-9bdd-e606f31e647f,-4.42857142857143,5.703561365050611
6,equity_66030d24-c4db-5de4-b6cd-c0c5afaa1703,-16.64285714285714,1.4321384039830987
6,equity_664068b6-3562-5716-9688-4f3db274dcf6,0.500000000000002,4.4960299948160625
6,equity_67e7b9a6-48a8-5dd1-bbc5-db5727f74fd4,-13.5,2.405351177211821
6,equity_6806a066-5267-5030-b741-8fd776bea2ca,-12.142857142857142,4.180860179046254
6,equity_68ddf211-c21a-5b50-a434-fd6a8ae20a11,-2.571428571428569,5.70356136505061
6,equity_691fcac3-274c-5746-bf9e-d61e881c987b,-0.3571428571428575,1.574671977503473
6,equity_6aa5515c-952b-5a96-8aa8-824095495923,-8.714285714285714,6.0583893596114375
6,equity_6b07e976-9dd0-531d-90f9-5bbbaabf1c96,-7.357142857142856,7.863633682584506
6,equity_6b33ef2c-cd56-560f-b478-26b9ed3e1f6d,3.8571428571428603,1.0251928638862382
6,equity_6c8e136c-6574-5381-abca-d8c525ace9fb,2.4285714285714306,1.1473127431577874
6,equity_6d8f7777-c3b3-58e8-8483-65a4eb441fbd,4.357142857142861,2.936400684442069
6,equity_6e733fe0-2e3e-594f-a4c1-609f6a481299,-0.9285714285714294,3.234066120763366
6,equity_6ea61a87-9d2f-5892-8152-c802de2f6d23,4.071428571428575,1.678191446352963
6,equity_6f455cc1-fa98-5ef5-8e6e-dbabed0ea6a1,-10.285714285714286,6.468920990050059
6,equity_6f6d0be0-524d-52a8-bb11-f60b25a783a8,-2.642857142857145,1.6629209609746893
6,equity_70a7c71e-84a6-50f3-becc-6ffb19ddb1cf,-7.928571428571427,6.920097911304493
6,equity_73187115-a770-5035-8203-59b70077611f,2.1428571428571446,1.7871422861709736
6,equity_739cdc9f-d524-52db-ad09-5d7c5f3b8334,-3.6428571428571446,2.047895883833063
6,equity_73a29d7a-0803-5db8-ad83-65732918f5f9,4.6428571428571415,14.632923459773576
6,equity_73ac566d-3909-558b-b1ed-6b4754a19ed8,-2.857142857142858,5.363329760740896
6,equity_73c23c4e-25e5-561a-9886-64d92976357e,3.785714285714289,1.129384878631565
6,equity_73fd14fb-d2e2-59fd-a5e4-45499d17e077,3.0000000000000027,0.7071067811865481
6,equity_7510cc5f-de04-5514-a13c-8cc5bc6b4d3a,6.142857142857149,2.1499881347560605
6,equity_75138a92-ae17-5eef-aa64-afc8372299bb,0.8571428571428579,3.795808644453267
6,equity_75ae4da5-3238-5400-93cc-d8f0bb660019,2.0000000000000018,1.71130693581585
6,equity_7638e22b-6c30-523c-9d32-68a94a074a36,1.2857142857142876,3.8808793449160377
6,equity_7672b425-c92b-5d8a-81ab-c60724a958d0,1.3571428571428583,3.572856857257089
6,equity_778b2c1d-426a-5fff-9eda-198e013bd945,0.92857142857143,3.579989738897621
6,equity_77a8f069-8c05-523b-aa70-b39a8942b1c1,-4.214285714285716,3.3150861102492257
6,equity_7845e72e-ee7b-570c-b9c1-606234f64a58,-0.7857142857142849,4.42280730868935
6,equity_78949a37-2de6-5bab-a465-05a33a4f8eaa,0.21428571428571447,3.604135946155107
6,equity_789b8a92-7cca-5c0b-bf76-5192d283804a,0.285714285714286,2.8266227053441995
6,equity_7976a2f1-8279-537d-85d6-05e2d4f65ebf,-7.07142857142857,7.673835748961586
6,equity_7a450250-b41b-5c37-992e-3abb7b5c8b66,0.14285714285714443,5.533755413784735
6,equity_7ac51593-a969-54db-9992-83d7c56094d8,-3.9999999999999996,6.256425268702341
6,equity_7b5c3d6c-cf15-5fe4-99d4-cd6ecb8c53f2,1.8571428571428588,2.911973872948504
6,equity_7c3deb24-9789-551f-b5eb-e932aeabaf83,0.0,3.991061441342573
6,equity_7ccf94c0-abfe-5a07-8b54-0545a93e74dd,-1.4285714285714284,4.499433070863894
6,equity_7cd4c68a-b632-5182-b1d1-52e55c3a2df3,-0.5000000000000028,7.116379496826819
6,equity_7d4bc152-96eb-5872-be67-303e3002a0fa,0.21428571428571447,2.8517806825253067
6,equity_7e48cabb-84f7-5887-a4f5-4bf0071d6671,-0.9285714285714278,3.9859446938010596
6,equity_7e794ba4-ddfc-5658-bb39-22c0050f665f,4.142857142857147,0.8329931278350436
6,equity_7e8a395b-3e8d-5baf-90d4-19f11971fe98,-10.0,5.291502622129183
6,equity_7ef22304-346b-5d5b-abea-92d0948ebc01,1.9285714285714304,2.470230923684371
6,equity_7f48b162-c593-5c99-9fef-da5149a75292,-0.21428571428571447,4.06954843806975
6,equity_7fd7261d-ec71-54a2-b468-3a3e693e788e,1.5000000000000013,2.2519832529192088
6,equity_7fed0151-c9e4-58bf-a99e-19f7602a64ab,-4.0,10.03920884759921
6,equity_7feda97e-a991-555f-ad42-7f3dce5dbc6d,1.6428571428571441,4.461856481926123
6,equity_804a2def-b0be-59de-ae2c-48ecef21117b,0.571428571428575,8.050858744917358
6,equity_80e6bf6a-44b6-5956-a57c-c94fde3bae6b,3.7142857142857193,7.342912729083658
6,equity_80fd811f-6852-5205-a17a-a955c166c782,0.642857142857145,7.609741340236616
6,equity_822ed8cd-c3d6-5744-9304-0c7a5de1fc34,1.3571428571428605,5.559511063511444
6,equity_824befe3-bb5e-5471-bf51-57eae9d98338,0.0,2.4053511772118217
6,equity_82bc9fbc-ce8f-59b9-b3a7-a7d44160648e,-1.8571428571428588,1.9404396724580195
6,equity_83afc793-0f34-5ad0-a25c-b442882abd4d,6.285714285714288,6.335033785326207
6,equity_843671cc-b0af-525e-a5ab-cc822260c2cf,-3.2857142857142847,7.3234317817007435
6,equity_84fa1055-5544-5b95-ab2c-1dcbae92f9ab,2.0000000000000018,3.0118812346154336
6,equity_857469cd-9a16-50e9-a787-c28db4d35a54,0.5000000000000021,4.765950662174936
6,equity_8575df20-9c5a-5044-bb52-0e0b3ecc9d93,3.5714285714285725,14.487503411631723
6,equity_85f9f80c-2913-5bac-816a-0b9ad6226c1f,1.0714285714285738,4.056991948903693
6,equity_86024f0f-e3ec-533a-b886-0101ce4c3a73,1.2142857142857169,5.437023495424305
6,equity_8694f05d-78cc-5277-a0e6-9022d3d7c957,0.42857142857142894,3.363974811233322
6,equity_87cf683d-e37f-57df-b1b2-bcd2c0441706,-0.9285714285714294,3.0987159947834115
6,equity_89c855f6-be03-5ac0-846d-09396d1799dd,-0.7142857142857144,12.08853395003813
6,equity_8aaa753b-c33b-5de3-844e-8fbb5f9bcf9b,-0.571428571428572,3.0987159947834115
6,equity_8cbb4c49-1386-50fd-a376-15b8fdea049e,-0.0714285714285715,2.178278668853846
6,equity_8d479f24-2700-5d8e-8044-863adac4ce72,-11.857142857142858,5.908313064260063
6,equity_8ec54a63-98e4-5c76-ab93-11b94e6c512a,-12.928571428571429,11.950578501922504
6,equity_8ee33a0b-8237-5e0f-8f86-bebb652d100b,-2.2142857142857153,3.7019024342428426
6,equity_8f5a7279-ad52-55b0-8af2-9ce67e12e352,-2.214285714285716,3.513821107499673
6,equity_8f98da24-43f5-5f39-8967-e694f92167a2,1.42857142857143,2.178278668853846
6,equity_90606491-6d1d-54e4-989e-78da2d2dbfa6,1.9285714285714304,2.6244532958391216
6,equity_908738df-2761-5dd3-a0fa-299f90d5f90d,-2.0714285714285734,3.0287735781591727
6,equity_913727ed-97f0-5377-91df-a1068ef091f3,2.928571428571431,2.5694436783721377
6,equity_9311a48d-21ca-5d46-80c4-b50cef1bb921,2.142857142857145,11.192198449029084
6,equity_934a894c-c3d4-520a-8487-202b920c7091,0.714285714285715,3.10365156891435
6,equity_943926b7-ed6b-5754-9734-ed3184f76b20,-21.142857142857142,6.7066826253174305
6,equity_95f7c8a3-90d3-53bd-8561-4c8b81f01cf5,-0.571428571428572,3.0287735781591727
6,equity_974e2550-0928-5297-b3d9-f09b22edd483,-3.7142857142857144,5.390846361175204
6,equity_9801ad6a-4e84-5585-8161-d7280773a175,-11.642857142857142,6.690688015626568
6,equity_98d5a290-64ae-560c-bc17-2a5f7b1bfcc6,-6.785714285714285,10.17650354934326
6,equity_9a83d7ac-5850-53a4-9808-9d6642c4dea4,-12.0,4.026696625558686
6,equity_9bcb5738-6092-5a90-83b0-28f2be8172b2,-4.714285714285713,5.945329156195662
6,equity_9cd62830-89b7-54d4-9564-0db09c41382b,6.428571428571434,2.651530170467229
6,equity_9d99e626-9bd8-5d26-b4f7-a12e5b614da1,4.357142857142863,5.711606514772517
6,equity_a18945ae-e7c6-55d7-bfc3-74438183e6a1,1.7857142857142874,3.3150861102492293
6,equity_a1a76089-0f91-5394-b7ca-7e3316acac95,7.5,7.5166481891864505
6,equity_a20ab55e-afdf-5659-b70c-b18a9649084c,-0.8571428571428564,8.630155956686686
6,equity_a2290b9f-3c3a-5acd-b1a2-9c39a578b1e6,3.3571428571428603,2.3101373755423205
6,equity_a25c1820-1202-5e7e-ad50-18d2166d84c3,-1.142857142857144,3.2701494692170305
6,equity_a39349b4-eef3-5fc5-a95f-28f1263df064,6.21428571428572,3.421122861379445
6,equity_a4365669-74e8-56ca-8bd7-7e859da99f6c,1.5000000000000013,2.964070560178064
6,equity_a665b955-e456-5ac0-bc95-6cd5c0083913,-3.045183153257572e-15,16.035674514745462
6,equity_a848a16a-f190-5ccf-a351-a1fcb6863362,-4.071428571428571,4.724015932510415
6,equity_a9221840-c0bb-525f-8819-1aa170c238f3,4.428571428571432,4.178418800631337
6,equity_a964efa7-7086-574b-a34a-52efb58a688d,1.7142857142857142,7.362342129557214
6,equity_a9857ed6-131b-5672-9d7c-3f8dd9c70966,9.500000000000002,7.3920807045687145
6,equity_aa668713-ba4d-5567-abd7-7b2dc58c3924,-2.285714285714284,6.323748565397534
6,equity_ab48b1a2-e6f0-57d6-bac6-8b9ab8c9ab4f,-0.5000000000000004,2.3452078799117166
6,equity_ac0356e5-8b2f-56a5-a533-384ef6afd627,-9.214285714285715,3.5742845723419427
6,equity_ac3e6235-70fa-509a-9137-88ef0f3b9a1e,0.8571428571428594,4.050699108216522
6,equity_adabd7e7-9fd9-567d-bfa5-7cf913708058,5.142857142857148,4.874967294500449
6,equity_af158cfc-ef4f-5242-a211-aee6176cf17b,-2.285714285714286,3.44193822947336
6,equity_aff2387b-9d08-5e40-8737-a5d658baf07c,-1.7857142857142843,5.805521650347458
6,equity_b07ddb27-3d28-59b7-9093-642a86a997a5,-3.2142857142857157,4.147780325987993
6,equity_b0e4649c-7804-5ca2-899d-98a3301ffd3d,4.857142857142861,1.884415136896133
6,equity_b1302ac2-6b39-559e-99c3-a49b1bff7da0,-2.7857142857142883,2.575393768188566
6,equity_b1cfd539-bee5-5378-9a1b-c4d7090e3a6d,1.8571428571428588,2.9965967090575787
6,equity_b2ffb1ea-cbc8-5b19-94e4-36a45b603f2f,-13.285714285714286,1.6444092047459062
6,equity_b3373c42-3686-5901-b0e6-692fc09a5748,-2.9999999999999964,10.980502200328937
6,equity_b5649eae-cacd-5a55-b622-d2acb17d1247,2.85714285714286,1.0251928638862384
6,equity_b571d0a3-1231-5868-8c7f-c28d2a52406d,3.1428571428571455,1.7467170372339278
6,equity_b5a5aa00-131e-545a-a75f-b3b4c341ef4d,3.5714285714285747,0.7759128922285875
6,equity_b5c5eb1f-d267-5874-a111-06456edf268a,-16.642857142857142,5.88408437903399
6,equity_b5f4e368-91bd-55bb-966e-5e9f31b8ab8d,3.0000000000000027,1.4880476182856912
6,equity_b621314e-bf12-5462-ae24-4f3c48c5ed34,-4.071428571428569,5.226502322836204
6,equity_b6781778-e97a-5d24-afb4-f7465b6a9321,12.142857142857144,3.0904725218262716
6,equity_b6b4920e-ce4f-5c63-99b7-2ef66f4b8123,7.071428571428573,4.538947104376356
6,equity_b76ae7ab-9aeb-5804-9526-48f3fe46db1a,-8.642857142857142,1.903273227782033
6,equity_ba12ea48-84e6-5905-9adb-4b8ed803cd70,-8.714285714285714,3.3150861102492266
6,equity_ba78192b-6157-57ba-9a89-664f6ad5d2a4,2.0000000000000018,2.5634797778466254
6,equity_baea1d0b-bf48-52d8-b08b-d87fe363ebcc,-1.7857142857142843,5.668567108293288
6,equity_bd1883b4-abac-5d18-b097-acf25f2fdcf8,2.928571428571431,1.6567733578204589
6,equity_bdad71da-994f-5fe7-bb1b-f99ddc7a4cbc,3.0000000000000027,0.7071067811865481
6,equity_bdc81ae4-4612-5b63-88ea-ab3073f47759,-8.785714285714286,6.457869744168976
6,equity_becdb741-0d31-5f88-8b00-de8d5e4d4e7e,-2.071428571428569,8.265369110367198
6,equity_c00d89f7-6119-50b5-b6ab-c857ce253878,-7.142857142857142,8.509298635334535
6,equity_c2f7069f-97d4-599f-86ae-c77165f1795b,-18.642857142857142,7.293413299067893
6,equity_c3269539-01b8-5845-8971-363e7e618c20,0.142857142857143,3.0788945803217604
6,equity_c366a36d-4779-51ec-81a1-55b836c27cf6,9.642857142857144,3.5528086044131064
6,equity_c3de33a2-667e-51c8-9376-b9ab39fbbca0,3.8571428571428608,0.22587697572631302
6,equity_c68ee739-d4dd-5667-8a6f-13192ed7a6cc,5.999999999999999,6.670832032063164
6,equity_c864ecb9-9c8f-51c3-908b-f06268302528,2.7142857142857166,3.980821369455082
6,equity_c98b03ab-c85e-5bc0-8555-96e6249733e7,2.928571428571431,1.4498416521560327
6,equity_c9a7904f-50b6-57be-a2ec-7c50f3162c70,-4.857142857142858,4.146550078199998
6,equity_cb34a8e2-2d14-5a05-851c-a3de26c82e84,-0.5714285714285688,7.793901331116768
6,equity_cdc413d2-1e92-5151-9d6b-1cbb7c013976,-3.9999999999999982,8.093207028119325
6,equity_ce52977e-d094-577a-b8ce-6d4a33b46832,9.28571428571429,2.864276807966199
6,equity_cf11e8df-1714-520f-a1e9-cfaa0439b486,5.571428571428575,8.7970310390518
6,equity_cfe51880-dd08-5db8-9534-d55ddcbb8a18,3.642857142857146,4.024161720286653
6,equity_d0e52831-27bf-5496-8ea8-205972891f93,9.64285714285715,2.2474475317931826
6,equity_d0e6c420-61a9-5220-9575-e2d844908589,3.500000000000003,4.166190448976486
6,equity_d12814c3-73ac-5e69-8ffb-de8a945b8357,-7.857142857142857,16.719779316969564
6,equity_d1faf0de-bcdf-5295-8684-9aa04dc9827b,-22.857142857142858,10.973065354098011
6,equity_d2392226-825a-538b-a80b-e76d223ad92c,-9.928571428571429,4.491488549217852
6,equity_d2c1c051-e118-590b-b120-7ae9b496652e,2.1428571428571446,1.273753892866216
6,equity_d3232e9c-432e-5a27-a286-7ab5401f97b9,3.500000000000003,4.8329228068677965
6,equity_d4d6e071-ca11-593f-b0aa-ca765fa9a008,3.8571428571428603,0.44031528592635577
6,equity_d573891f-97f3-5a8e-8b19-5db704eef9c9,0.7857142857142864,3.2055436674738425
6,equity_d620e41c-a941-50d1-953a-a198ca15eb5f,-3.285714285714283,9.702198362290092
6,equity_d62d0544-c7ef-5aac-89a3-9c2c26cb704d,0.5000000000000002,12.592514783450865
6,equity_d7aa340b-cc07-5c11-bd9d-f3ff398cf5c2,3.8571428571428603,2.3408528011677077
6,equity_d8c098bb-8cd8-5dc4-a9b4-cba2074b110d,-1.9285714285714295,3.9318168412922554
6,equity_da418b65-ebd9-54c4-b540-2cc04109c57c,13.5,2.4053511772118146
6,equity_da8712ca-addc-5ecc-b8fd-9c54f75c71f6,7.214285714285721,2.7497680792743107
6,equity_db3796fa-dbad-5c17-8c00-563cc1f2da1b,3.500000000000003,1.0350983390135322
6,equity_db3bd955-d757-5d5e-9a1b-86d949839fd9,-1.2857142857142838,4.620274751084637
6,equity_db49741d-aa9e-525e-92e4-4b0b4f0bda19,-3.571428571428573,2.0429070922964403
6,equity_db63c64a-5406-5b81-9b96-959ac4a9962b,1.3571428571428599,5.242098037688223
6,equity_db854dfc-1804-5019-afe5-223ef5e047fd,-1.7857142857142874,2.561488725291589
6,equity_db8be0ab-5c67-5565-ad17-12673dfde07e,-12.142857142857146,13.590212564600318
6,equity_dc24e91f-dad1-58c2-87c5-0d5af260cc83,-1.5714285714285727,3.6295274331178606
6,equity_dcbb9c53-9bbd-5014-b7df-2706e84c7bb6,-6.999999999999999,2.8784916685156974
6,equity_de594ded-d268-5e4f-99b8-1012df045ef0,-4.285714285714287,3.5239703952982886
6,equity_de703932-c64c-5c0f-b762-64317187ac78,-0.142857142857143,2.1165046271470094
6,equity_e012cdce-768d-50c7-bb25-1ff8a901546c,-2.4285714285714293,3.839908587347319
6,equity_e0bdec68-aad4-5c66-9fcb-b4d41ec73ce9,4.571428571428576,1.7408653724219931
6,equity_e0d28302-0a41-5c80-9674-41f8e243b826,-1.3571428571428583,2.3101373755423205
6,equity_e0efbf2a-5587-5503-9a92-3cbe966529f9,2.642857142857145,3.22616851161035
6,equity_e0f8864a-b6fa-5577-9967-4fb9abd63006,0.5000000000000002,9.09866552224634
6,equity_e0fcc553-0791-5581-a0f1-e1a1e5f92964,-1.7857142857142874,2.6166655834306027
6,equity_e159b6d2-aa08-54db-9484-af8443d74188,2.642857142857145,2.4598821939603686
6,equity_e1b1eb2c-cfa4-53b8-a488-5ca014963414,0.0714285714285715,3.0287735781591727
6,equity_e2379ea8-6a57-5013-be82-8037aafa519d,2.642857142857145,2.030381486221701
6,equity_e3159bf8-928e-5abf-bf08-c16b441fd4a5,2.642857142857145,4.48580527660217
6,equity_e33a8f41-3166-50cb-a503-35881a40f87b,0.42857142857142894,2.9571773634977814
6,equity_e3473b64-4b40-506c-a5e7-445ee72d4337,1.7142857142857157,3.2934691095424324
6,equity_e3d28f87-c787-5305-999f-1389f1a9896b,-2.0714285714285716,4.858193163751987
6,equity_e575933a-1490-5bf1-9c5e-635db20b4cac,3.7857142857142905,5.249878521432275
6,equity_e5bc02f3-153b-5ec8-8cd6-db352bba01db,-16.0,3.8172540616821102
6,equity_e697f4ef-81d4-5075-9989-d3da9a43c5c8,-0.5000000000000004,2.1213203435596446
6,equity_e75be6eb-3561-558b-b260-c205c7e9c60f,0.6428571428571435,3.450820665480335
6,equity_e7f574a1-3412-5dbe-9250-b1b3f8332da0,1.1428571428571455,8.559515530825855
6,equity_e8f957d7-9738-5810-ac59-6af4850c95c6,-1.571428571428573,8.001913036574312
6,equity_ea8243e7-75bd-549b-9ba6-48e03cf982c1,-2.7857142857142865,3.1493439550069438
6,equity_eaa52f1c-7299-50e8-b69f-30df278129a4,-1.4999999999999998,3.973123995763824
6,equity_eb217683-f803-5b98-a357-173c21d56906,-3.4999999999999996,5.230405611149375
6,equity_eb4ca0eb-3900-5be1-a809-c716b40fb10f,-5.500000000000002,2.0354009783964275
6,equity_ebfcc30f-5a6c-5d5c-996d-b631de989d6a,-11.714285714285715,4.764880022902262
6,equity_ec5a39fc-469a-5803-8c4d-1bdfda159876,0.3571428571428575,3.491973303308665
6,equity_ecd65b79-da39-564e-8194-048879286eac,2.7857142857142883,2.6840420325794216
6,equity_ef7c9957-bef7-59ee-ae9e-8438347c031e,-16.571428571428573,4.632405819168845
6,equity_ef82c5fa-7d9d-5bd9-8f1f-fde52e1a388b,-1.0714285714285725,3.2119038794167336
6,equity_efaee6b2-dc0f-5b4f-bbfe-e46fdcfc1620,2.285714285714288,1.7699302419091254
6,equity_f02e8014-abbb-5a08-bf80-45a174fe3225,1.3571428571428583,3.3670067855407675
6,equity_f07d8826-7230-57a5-888a-89479eb31540,1.2857142857142867,4.104502256731044
6,equity_f249c87d-ad66-57a1-8949-95dca1a352ba,5.071428571428576,1.4742691028964507
6,equity_f39e281c-e020-5a97-94c9-8352f25a09f5,-1.2857142857142854,5.195170441705197
6,equity_f477aeb1-d055-5f26-8265-e641f050b330,-2.0714285714285756,11.133695867656405
6,equity_f648ef52-5189-5867-bc50-d2a5d643523c,-10.642857142857144,3.471457965777962
6,equity_f6be6304-76e8-55fb-a5ae-fefcad11d4eb,-6.1428571428571415,8.369648762532588
6,equity_f71be61b-f2c9-5c76-8d38-441026d9f9c6,1.857142857142861,6.260501381760125
6,equity_f74bd52b-080c-5f81-a102-ae37e1a87727,-14.5,2.4784787961282095
6,equity_f76a49bf-a51d-5907-b65d-d03722366bc5,-11.928571428571429,3.5297568858873833
6,equity_f7da2b96-30f0-52e7-a846-c33b069a1a84,4.214285714285718,0.9948848769417237
6,equity_f8251938-9060-5719-abe7-2867292ef656,2.1428571428571446,2.4159335036125396
6,equity_f990a311-cb32-5507-944e-641f3c16e0d8,-3.0000000000000013,3.505098327538658
6,equity_fa46c8b3-24ec-594c-b682-1f81d7c0a065,2.571428571428575,4.346004498621788
6,equity_fa617ef7-a4e9-580e-9819-2f5f6468c0dd,0.0,3.251373336211729
6,equity_fa6d1623-8f13-5cd3-bd0d-f2c8798658e5,-5.285714285714286,9.848339754413807
6,equity_faaeb60e-64f7-5b37-a928-b84ab0c117ed,7.3571428571428585,12.37137908271197
6,equity_faef6935-60d0-576b-bacb-cf1cafea5c70,-4.0714285714285685,8.368429496918642
6,equity_fb74255e-7cd4-55af-9674-c7db208f3b91,-3.6428571428571423,4.801147821944589
6,equity_fc633f29-09e3-5814-a9d1-7b1ce0913f78,0.0714285714285713,7.697070738870965
6,equity_fca62f3b-28a6-5ba6-904a-dd5aec4bc8d9,-9.214285714285715,4.612538368846556
6,forex_0b0cf1ef-37c5-589b-a69c-25a149b2d8df,5.28571428571429,1.8294640678379581
6,forex_1167a44f-4357-5097-8020-e497a9853e58,-1.5714285714285727,1.3997084244475315
6,forex_2342923a-24bd-5471-ae8a-196c3461c879,-0.5000000000000004,2.434865792722761
6,forex_2fffbd8b-d4ab-5b55-80d1-274dde6b2f5a,-1.0714285714285723,1.8979043222266334
6,forex_e6c66c0e-87f1-548c-90da-44ce67af00fa,0.571428571428572,1.4982983545287893
6,fund_87ebbf0a-2dbc-5747-b0ed-76b37a915d74,-14.285714285714286,10.267344707709915
6,fund_99b9d918-5e65-59fc-a559-752a7db77ca7,-4.571428571428576,1.0151907431108507
6,fund_a02b062d-dd40-55e2-8113-721cc3c315af,-1.5000000000000013,2.1213203435596446
6,fund_dd32d893-f4fa-5c0b-90eb-7bb45c79b13d,-2.285714285714288,2.3733211036908806
